-- phpMyAdmin SQL Dump
-- version 4.0.4
-- http://www.phpmyadmin.net
--
-- Client: localhost
-- Généré le: Lun 26 Janvier 2015 à 22:21
-- Version du serveur: 5.6.12-log
-- Version de PHP: 5.4.12

SET SQL_MODE = "NO_AUTO_VALUE_ON_ZERO";
SET time_zone = "+00:00";


/*!40101 SET @OLD_CHARACTER_SET_CLIENT=@@CHARACTER_SET_CLIENT */;
/*!40101 SET @OLD_CHARACTER_SET_RESULTS=@@CHARACTER_SET_RESULTS */;
/*!40101 SET @OLD_COLLATION_CONNECTION=@@COLLATION_CONNECTION */;
/*!40101 SET NAMES utf8 */;

--
-- Base de données: `vgbt`
--
CREATE DATABASE IF NOT EXISTS `vgbt` DEFAULT CHARACTER SET latin1 COLLATE latin1_swedish_ci;
USE `vgbt`;

-- --------------------------------------------------------

--
-- Structure de la table `vgbt_albums`
--

CREATE TABLE IF NOT EXISTS `vgbt_albums` (
  `id` int(11) NOT NULL AUTO_INCREMENT,
  `name` varchar(255) CHARACTER SET utf8 NOT NULL,
  `date` datetime NOT NULL,
  PRIMARY KEY (`id`),
  UNIQUE KEY `name` (`name`)
) ENGINE=InnoDB  DEFAULT CHARSET=utf8 COLLATE=utf8_bin AUTO_INCREMENT=9 ;

--
-- Contenu de la table `vgbt_albums`
--

INSERT INTO `vgbt_albums` (`id`, `name`, `date`) VALUES
(1, 'Final Fantasy 1 OST', '2015-01-25 18:45:50'),
(2, 'Final Fantasy 2 OST', '2015-01-25 22:55:39'),
(4, 'Final Fantasy III OSV', '2015-01-25 23:10:04'),
(5, 'Final Fantasy 4 OST', '2015-01-25 23:17:02'),
(7, 'Final Fantasy V OSV', '2015-01-26 00:23:10'),
(8, 'Final Fantasy VI Original Soundtrack', '2015-01-26 01:20:05');

-- --------------------------------------------------------

--
-- Structure de la table `vgbt_composers`
--

CREATE TABLE IF NOT EXISTS `vgbt_composers` (
  `id` int(11) NOT NULL AUTO_INCREMENT,
  `name` varchar(255) CHARACTER SET utf8 NOT NULL,
  `date` datetime NOT NULL,
  PRIMARY KEY (`id`),
  UNIQUE KEY `name` (`name`)
) ENGINE=InnoDB  DEFAULT CHARSET=utf8 COLLATE=utf8_bin AUTO_INCREMENT=2 ;

--
-- Contenu de la table `vgbt_composers`
--

INSERT INTO `vgbt_composers` (`id`, `name`, `date`) VALUES
(1, 'Nobuo Uematsu', '2015-01-19 00:00:00');

-- --------------------------------------------------------

--
-- Structure de la table `vgbt_consoles`
--

CREATE TABLE IF NOT EXISTS `vgbt_consoles` (
  `id` int(11) NOT NULL AUTO_INCREMENT,
  `name` varchar(32) CHARACTER SET utf8 NOT NULL,
  PRIMARY KEY (`id`)
) ENGINE=InnoDB  DEFAULT CHARSET=latin1 AUTO_INCREMENT=27 ;

--
-- Contenu de la table `vgbt_consoles`
--

INSERT INTO `vgbt_consoles` (`id`, `name`) VALUES
(1, 'Nes'),
(2, 'Super Nintendo'),
(3, 'Nintendo 64'),
(4, 'GameCube'),
(5, 'Wii'),
(6, 'Wii U'),
(7, 'Mega drive'),
(8, 'Dreamcast'),
(9, 'PlayStation'),
(10, 'PlayStation 2'),
(11, 'PlayStation 3'),
(12, 'PlayStation 4'),
(13, 'Xbox'),
(14, 'Xbox 360'),
(15, 'Xbox One'),
(16, 'Game Boy'),
(17, 'Game Boy Color'),
(18, 'Game Boy Advance'),
(19, 'Nintendo DS'),
(20, 'Nintendo 3DS'),
(21, 'PlayStation Portable'),
(22, 'PlayStation Vita'),
(23, 'Neo Geo'),
(24, 'PC Engine'),
(25, 'Saturn'),
(26, 'Game Gear');

-- --------------------------------------------------------

--
-- Structure de la table `vgbt_extract_album_links`
--

CREATE TABLE IF NOT EXISTS `vgbt_extract_album_links` (
  `extract_id` int(11) NOT NULL,
  `album_id` int(11) NOT NULL,
  `disc_number` tinyint(11) unsigned NOT NULL DEFAULT '1',
  `track_number` tinyint(11) unsigned NOT NULL,
  PRIMARY KEY (`extract_id`,`album_id`,`disc_number`,`track_number`)
) ENGINE=InnoDB DEFAULT CHARSET=utf8 COLLATE=utf8_bin;

--
-- Contenu de la table `vgbt_extract_album_links`
--

INSERT INTO `vgbt_extract_album_links` (`extract_id`, `album_id`, `disc_number`, `track_number`) VALUES
(6, 1, 1, 1),
(7, 1, 1, 2),
(8, 1, 1, 3),
(9, 1, 1, 4),
(10, 1, 1, 5),
(11, 1, 1, 6),
(12, 1, 1, 7),
(13, 1, 1, 8),
(14, 1, 1, 9),
(15, 1, 1, 10),
(16, 1, 1, 11),
(17, 1, 1, 12),
(18, 1, 1, 13),
(19, 1, 1, 14),
(20, 1, 1, 15),
(21, 1, 1, 16),
(22, 1, 1, 17),
(23, 1, 1, 18),
(24, 1, 1, 19),
(25, 1, 1, 20),
(26, 2, 1, 1),
(27, 2, 1, 2),
(28, 2, 1, 3),
(29, 2, 1, 4),
(30, 2, 1, 5),
(31, 2, 1, 6),
(32, 2, 1, 7),
(33, 2, 1, 8),
(34, 2, 1, 9),
(35, 2, 1, 10),
(36, 2, 1, 11),
(37, 2, 1, 12),
(38, 2, 1, 13),
(39, 2, 1, 14),
(40, 2, 1, 15),
(41, 2, 1, 16),
(42, 2, 1, 17),
(43, 2, 1, 18),
(44, 2, 1, 19),
(45, 2, 1, 20),
(46, 2, 1, 21),
(47, 2, 1, 22),
(48, 2, 1, 23),
(49, 4, 1, 1),
(50, 4, 1, 2),
(51, 4, 1, 3),
(52, 4, 1, 4),
(53, 4, 1, 5),
(54, 4, 1, 6),
(55, 4, 1, 7),
(56, 4, 1, 8),
(57, 4, 1, 9),
(58, 4, 1, 10),
(59, 4, 1, 11),
(60, 4, 1, 12),
(61, 4, 1, 13),
(62, 4, 1, 14),
(63, 4, 1, 15),
(64, 4, 1, 16),
(65, 4, 1, 17),
(66, 4, 1, 18),
(67, 4, 1, 19),
(68, 4, 1, 20),
(69, 4, 1, 21),
(70, 4, 1, 22),
(71, 4, 1, 23),
(72, 4, 1, 24),
(73, 4, 1, 25),
(74, 4, 1, 26),
(75, 4, 1, 27),
(76, 4, 1, 28),
(77, 4, 1, 29),
(78, 4, 1, 30),
(79, 4, 1, 31),
(80, 4, 1, 32),
(81, 4, 1, 33),
(82, 4, 1, 34),
(83, 4, 1, 35),
(84, 4, 1, 36),
(85, 4, 1, 37),
(86, 4, 1, 38),
(87, 4, 1, 39),
(88, 4, 1, 40),
(89, 4, 1, 41),
(90, 4, 1, 42),
(91, 4, 1, 43),
(92, 4, 1, 44),
(93, 5, 1, 1),
(94, 5, 1, 2),
(95, 5, 1, 3),
(96, 5, 1, 4),
(97, 5, 1, 5),
(98, 5, 1, 6),
(99, 5, 1, 7),
(100, 5, 1, 8),
(101, 5, 1, 9),
(102, 5, 1, 10),
(103, 5, 1, 11),
(104, 5, 1, 12),
(105, 5, 1, 13),
(106, 5, 1, 14),
(107, 5, 1, 15),
(108, 5, 1, 16),
(109, 5, 1, 17),
(110, 5, 1, 18),
(111, 5, 1, 19),
(112, 5, 1, 20),
(113, 5, 1, 21),
(114, 5, 1, 22),
(115, 5, 1, 23),
(116, 5, 1, 24),
(117, 5, 1, 25),
(118, 5, 1, 26),
(119, 5, 1, 27),
(120, 5, 1, 28),
(121, 5, 1, 29),
(122, 5, 1, 30),
(123, 5, 1, 31),
(124, 5, 1, 32),
(125, 5, 1, 33),
(126, 5, 1, 34),
(127, 5, 1, 35),
(128, 5, 1, 36),
(129, 5, 1, 37),
(130, 5, 1, 38),
(131, 5, 1, 39),
(132, 5, 1, 40),
(133, 5, 1, 41),
(134, 5, 1, 42),
(135, 5, 1, 43),
(136, 5, 1, 44),
(137, 7, 1, 1),
(138, 7, 1, 2),
(139, 7, 1, 3),
(140, 7, 1, 4),
(141, 7, 1, 5),
(142, 7, 1, 6),
(143, 7, 1, 7),
(144, 7, 1, 8),
(145, 7, 1, 9),
(146, 7, 1, 10),
(147, 7, 1, 11),
(148, 7, 1, 12),
(149, 7, 1, 13),
(150, 7, 1, 14),
(151, 7, 1, 15),
(152, 7, 1, 16),
(153, 7, 1, 17),
(154, 7, 1, 18),
(155, 7, 1, 19),
(156, 7, 1, 20),
(157, 7, 1, 21),
(158, 7, 1, 22),
(159, 7, 1, 23),
(160, 7, 1, 24),
(161, 7, 1, 25),
(162, 7, 1, 26),
(163, 7, 1, 27),
(164, 7, 1, 28),
(165, 7, 1, 29),
(166, 7, 1, 30),
(167, 7, 1, 31),
(168, 7, 1, 32),
(169, 7, 1, 33),
(170, 7, 1, 34),
(171, 7, 1, 1),
(172, 7, 1, 2),
(173, 7, 1, 3),
(174, 7, 1, 4),
(175, 7, 1, 5),
(176, 7, 1, 6),
(177, 7, 1, 7),
(178, 7, 1, 8),
(179, 7, 1, 9),
(180, 7, 1, 10),
(181, 7, 1, 11),
(182, 7, 1, 12),
(183, 7, 1, 13),
(184, 7, 1, 14),
(185, 7, 1, 15),
(186, 7, 1, 16),
(187, 7, 1, 17),
(188, 7, 1, 18),
(189, 7, 1, 19),
(190, 7, 1, 20),
(191, 7, 1, 21),
(192, 7, 1, 22),
(193, 7, 1, 23),
(194, 7, 1, 24),
(195, 7, 1, 25),
(196, 7, 1, 26),
(197, 7, 1, 27),
(198, 7, 1, 28),
(199, 7, 1, 29),
(200, 7, 1, 30),
(201, 7, 1, 31),
(202, 7, 1, 32),
(203, 7, 1, 33),
(204, 8, 1, 1),
(205, 8, 1, 2),
(206, 8, 1, 3),
(207, 8, 1, 4),
(208, 8, 1, 5),
(209, 8, 1, 6),
(210, 8, 1, 7),
(211, 8, 1, 8),
(212, 8, 1, 9),
(213, 8, 1, 10),
(214, 8, 1, 11),
(215, 8, 1, 12),
(216, 8, 1, 13),
(217, 8, 1, 14),
(218, 8, 1, 15),
(219, 8, 1, 16),
(220, 8, 1, 17),
(221, 8, 1, 18),
(222, 8, 1, 19),
(223, 8, 1, 20),
(224, 8, 1, 21),
(225, 8, 1, 22),
(226, 8, 1, 23),
(227, 8, 1, 24),
(228, 8, 1, 25),
(229, 8, 1, 1),
(230, 8, 1, 2),
(231, 8, 1, 3),
(232, 8, 1, 4),
(233, 8, 1, 5),
(234, 8, 1, 6),
(235, 8, 1, 7),
(236, 8, 1, 8),
(237, 8, 1, 9),
(238, 8, 1, 10),
(239, 8, 1, 11),
(240, 8, 1, 12),
(241, 8, 1, 13),
(242, 8, 1, 14),
(243, 8, 1, 15),
(244, 8, 1, 16),
(245, 8, 1, 17),
(246, 8, 1, 18),
(247, 8, 1, 19),
(248, 8, 1, 20),
(249, 8, 1, 1),
(250, 8, 1, 2),
(251, 8, 1, 3),
(252, 8, 1, 4),
(253, 8, 1, 5),
(254, 8, 1, 6),
(255, 8, 1, 7),
(256, 8, 1, 8),
(257, 8, 1, 9),
(258, 8, 1, 10),
(259, 8, 1, 11),
(260, 8, 1, 12),
(261, 8, 1, 13),
(262, 8, 1, 14),
(263, 8, 1, 15),
(264, 8, 1, 16);

-- --------------------------------------------------------

--
-- Structure de la table `vgbt_extracts`
--

CREATE TABLE IF NOT EXISTS `vgbt_extracts` (
  `id` int(11) NOT NULL AUTO_INCREMENT,
  `name` varchar(255) COLLATE utf8_bin NOT NULL,
  `game_id` int(11) NOT NULL,
  `composer_id` int(11) NOT NULL,
  `size` int(11) NOT NULL,
  `md5` varchar(32) COLLATE utf8_bin NOT NULL,
  `bitrate` int(11) NOT NULL,
  `sample_rate` int(11) NOT NULL,
  `encoding` varchar(128) COLLATE utf8_bin NOT NULL,
  `play_time` varchar(16) COLLATE utf8_bin NOT NULL,
  `date` datetime NOT NULL,
  PRIMARY KEY (`id`),
  UNIQUE KEY `md5` (`md5`)
) ENGINE=InnoDB  DEFAULT CHARSET=utf8 COLLATE=utf8_bin AUTO_INCREMENT=265 ;

--
-- Contenu de la table `vgbt_extracts`
--

INSERT INTO `vgbt_extracts` (`id`, `name`, `game_id`, `composer_id`, `size`, `md5`, `bitrate`, `sample_rate`, `encoding`, `play_time`, `date`) VALUES
(6, 'The Prelude', 1, 1, 840388, 'e441abe67f2000d0ad21eca4c5385cc6', 128000, 44100, 'UTF-8', '0:53', '2015-01-25 21:57:21'),
(7, 'Opening Theme', 1, 1, 1363673, '5c67ee4921563bb35a609d7a87ffbeb6', 128000, 44100, 'UTF-8', '1:25', '2015-01-25 21:57:21'),
(8, 'Cornelia Castle', 1, 1, 753452, 'd5dc55b649b87319ac7bf782acb58aea', 128000, 44100, 'UTF-8', '0:47', '2015-01-25 21:57:21'),
(9, 'Main Theme', 1, 1, 991271, '934081621aead1b727a7e2cc893675dc', 128000, 44100, 'UTF-8', '1:02', '2015-01-25 21:57:21'),
(10, 'Temple Of Chaos', 1, 1, 965776, 'ed9f41aa43c1059aef35d6d269e60774', 128000, 44100, 'UTF-8', '1:00', '2015-01-25 21:57:21'),
(11, 'Matoya''s Cave', 1, 1, 1165560, 'f6ef197de15dfdad2e5af5b56fe453e8', 128000, 44100, 'UTF-8', '1:13', '2015-01-25 21:57:21'),
(12, 'Town', 1, 1, 832447, 'fcdc80b1b30b8f005ccfd6d73a94507e', 128000, 44100, 'UTF-8', '0:52', '2015-01-25 21:57:21'),
(13, 'Shop', 1, 1, 957834, 'b570011805efd1113f3aaf987bdd457d', 128000, 44100, 'UTF-8', '1:00', '2015-01-25 21:57:21'),
(14, 'Ship', 1, 1, 770171, '9e35533f230afe81b223851bd8abe47f', 128000, 44100, 'UTF-8', '0:48', '2015-01-25 21:57:22'),
(15, 'Underwater Temple', 1, 1, 1396274, 'bc0b85e5989823476634815511b46e1f', 128000, 44100, 'UTF-8', '1:27', '2015-01-25 21:57:22'),
(16, 'Dungeon (The Marsh Cave)', 1, 1, 896812, '2ce3600474c9075ac40a67e19e14a820', 128000, 44100, 'UTF-8', '0:56', '2015-01-25 21:57:22'),
(17, 'Menu Screen', 1, 1, 648127, '069942f5ffb5ee2ad98a5b41372dfde4', 128000, 44100, 'UTF-8', '0:40', '2015-01-25 21:57:22'),
(18, 'Airship', 1, 1, 799846, '39730650c533717c336afa4801c6e352', 128000, 44100, 'UTF-8', '0:50', '2015-01-25 21:57:22'),
(19, 'Gurgu Volcano', 1, 1, 1163052, 'e8c06b1b7f80f6265ea5edb9c9b3b60a', 128000, 44100, 'UTF-8', '1:13', '2015-01-25 21:57:22'),
(20, 'The Floating Castle', 1, 1, 1176427, '18ce1126e5b6510aab95396da43cb59c', 128000, 44100, 'UTF-8', '1:14', '2015-01-25 21:57:22'),
(21, 'Battle, Scene I', 1, 1, 1534200, '810f7bf57fb5d5f61abc099418dc87f4', 128000, 44100, 'UTF-8', '1:36', '2015-01-25 21:57:22'),
(22, 'Victory Fanfare', 1, 1, 617616, 'c72789575802dc7ab047401bffd66799', 128000, 44100, 'UTF-8', '0:39', '2015-01-25 21:57:22'),
(23, 'Ending Theme', 1, 1, 1749031, 'e68f54125f7423a099f4eb914c560484', 128000, 44100, 'UTF-8', '1:49', '2015-01-25 21:57:22'),
(24, 'Sorrow', 1, 1, 836208, '2c227b96ae1b91011b78aec1c2f03e8d', 128000, 44100, 'UTF-8', '0:52', '2015-01-25 21:57:22'),
(25, 'Save Music', 1, 1, 117319, 'fc3236c3280658cbf5c7093116804a6f', 128000, 44100, 'UTF-8', '0:07', '2015-01-25 21:57:22'),
(26, 'The Prelude', 2, 1, 1105212, '7804cb61593ce7e70a14c4efd076730c', 192000, 44100, 'UTF-8', '0:46', '2015-01-25 22:56:54'),
(27, 'Battle, Scene I', 2, 1, 2122462, '9c6014d2ac8bc538fc5533e0708de311', 192000, 44100, 'UTF-8', '1:28', '2015-01-25 22:56:54'),
(28, 'Revification', 2, 1, 569356, '33bfe10331254afb088804a1f14ddd84', 192000, 44100, 'UTF-8', '0:24', '2015-01-25 22:56:54'),
(29, 'Reunion', 2, 1, 220048, 'da47d8185f6891ded4afdf3c9f47577f', 192000, 44100, 'UTF-8', '0:09', '2015-01-25 22:56:54'),
(30, 'The Rebel Army', 2, 1, 1781918, '5f8f9f0c57a9f4174f518b23ea62b6a2', 192000, 44100, 'UTF-8', '1:14', '2015-01-25 22:56:54'),
(31, 'Town', 2, 1, 2555654, '6319e1bdc835ff2af0a4e944e4ef75b2', 192000, 44100, 'UTF-8', '1:46', '2015-01-25 22:56:54'),
(32, 'Main Theme', 2, 1, 2054228, 'e42a80788b947487fa0cf4adedf4ef0b', 192000, 44100, 'UTF-8', '1:26', '2015-01-25 22:56:54'),
(33, 'Castle Pandemonium', 2, 1, 1536526, '2e08214766bb863b92d859db077cba96', 192000, 44100, 'UTF-8', '1:04', '2015-01-25 22:56:54'),
(34, 'The Empire Army', 2, 1, 2145624, '1c1c821da51338f0fc509c8270e02f2f', 192000, 44100, 'UTF-8', '1:29', '2015-01-25 22:56:54'),
(35, 'Chocobo', 2, 1, 578746, '5991d49fa7ebd6fd263b60c4019124a1', 192000, 44100, 'UTF-8', '0:24', '2015-01-25 22:56:54'),
(36, 'Magician''s Tower', 2, 1, 2052350, '799fb7e062abf44b6cc6de61abc1c4e1', 192000, 44100, 'UTF-8', '1:26', '2015-01-25 22:56:54'),
(37, 'Run!', 2, 1, 490480, '66ecd36da73eb29ed6625028eee89b77', 192000, 44100, 'UTF-8', '0:20', '2015-01-25 22:56:54'),
(38, 'Ancient Castle', 2, 1, 1215388, '2e7c465b911585ea8c06bfed5397f633', 192000, 44100, 'UTF-8', '0:51', '2015-01-25 22:56:54'),
(39, 'Dungeon', 2, 1, 2542508, '85922ebcafc6cbfa49cbde0b665f0463', 192000, 44100, 'UTF-8', '1:46', '2015-01-25 22:56:54'),
(40, 'The Emperor Revived', 2, 1, 648232, 'fc1b1d22e5522e7dffb03365ad942486', 192000, 44100, 'UTF-8', '0:27', '2015-01-25 22:56:55'),
(41, 'Battle, Scene II', 2, 1, 3120932, 'a4d05ca603521943096a644f20cd167c', 192000, 44100, 'UTF-8', '2:10', '2015-01-25 22:56:55'),
(42, 'Victory Fanfare', 2, 1, 943078, 'ac2820f705d77e19270cbb84a6c64ee7', 192000, 44100, 'UTF-8', '0:39', '2015-01-25 22:56:55'),
(43, 'Finale', 2, 1, 4545082, 'c5c12238285b87b0a43e495b11c3b4c8', 192000, 44100, 'UTF-8', '3:09', '2015-01-25 22:56:55'),
(44, 'Waltz', 2, 1, 975630, '250f8ae2efe87f9d983581ec10bb228c', 192000, 44100, 'UTF-8', '0:41', '2015-01-25 22:56:55'),
(45, 'The Queen''s Temptation', 2, 1, 685166, 'b3c2a7f6102f33e1569bdf30079321d7', 192000, 44100, 'UTF-8', '0:29', '2015-01-25 22:56:55'),
(46, 'Dead Music', 2, 1, 1179706, 'ca253c469ac247506a479dff2891363a', 192000, 44100, 'UTF-8', '0:49', '2015-01-25 22:56:55'),
(47, 'Fanfare', 2, 1, 158074, 'a8d7f27a4171c478ec6e26e35951b5be', 192000, 44100, 'UTF-8', '0:07', '2015-01-25 22:56:55'),
(48, 'Welcome To Our Group', 2, 1, 172472, '6ad7baf9db53bea44150b4abc4985517', 192000, 44100, 'UTF-8', '0:07', '2015-01-25 22:56:55'),
(49, 'The Prelude', 3, 1, 1164955, '2b1875fd2962b44886a3b64033bf79cc', 192000, 44100, 'UTF-8', '0:48', '2015-01-25 23:11:47'),
(50, 'Crystal Cave', 3, 1, 2417114, '918b451db4168e73545fae2d33a75e3c', 192000, 44100, 'UTF-8', '1:41', '2015-01-25 23:11:47'),
(51, 'Battle 1 / Fanfare', 3, 1, 2729488, '66881f10662e9155040d2d0b6e19ac47', 192000, 44100, 'UTF-8', '1:54', '2015-01-25 23:11:47'),
(52, 'Crystal Room', 3, 1, 699996, '7a61a5e5afc370a4a763e0ce849d284d', 192000, 44100, 'UTF-8', '0:29', '2015-01-25 23:11:47'),
(53, 'Opening Theme', 3, 1, 2085960, 'ac422924a54d91019ffa2bcaeda6996b', 192000, 44100, 'UTF-8', '1:27', '2015-01-25 23:11:47'),
(54, 'My Home Town', 3, 1, 2497868, '4b1ef8d0c382474be0afe3e5b1125f63', 192000, 44100, 'UTF-8', '1:44', '2015-01-25 23:11:47'),
(55, 'Eternal Wind', 3, 1, 3052504, 'b640d01d6548152fdb1da1323fc6d074', 192000, 44100, 'UTF-8', '2:07', '2015-01-25 23:11:47'),
(56, 'Jinn, The Fire', 3, 1, 1806764, '92853121a8f178da2a21a8e3bfa219a9', 192000, 44100, 'UTF-8', '1:15', '2015-01-25 23:11:48'),
(57, 'Dungeon', 3, 1, 1618338, '452e6334e18367f9ccb80a3856642694', 192000, 44100, 'UTF-8', '1:07', '2015-01-25 23:11:48'),
(58, 'Return Of The Warrior', 3, 1, 1518804, '7472ce32eaa90abda7b381ab935d0aff', 192000, 44100, 'UTF-8', '1:03', '2015-01-25 23:11:48'),
(59, 'The Way To The Top', 3, 1, 1007988, '0237247869a6aedf7ae4fb60d6182dc8', 192000, 44100, 'UTF-8', '0:42', '2015-01-25 23:11:48'),
(60, 'Cute Little Tozas', 3, 1, 1454952, 'ac27300ae3f7ecf77e6620b289eb8329', 192000, 44100, 'UTF-8', '1:01', '2015-01-25 23:11:48'),
(61, 'Shrine Of Nept', 3, 1, 1391100, '9b61d5d3f211e794202f986b5ce44703', 192000, 44100, 'UTF-8', '0:58', '2015-01-25 23:11:48'),
(62, 'Sailing Enterprise', 3, 1, 1495016, '2bfd83627c6a96c381635b9821d756d0', 192000, 44100, 'UTF-8', '1:02', '2015-01-25 23:11:48'),
(63, 'Living Forest', 3, 1, 1059946, '639b2dbe74c8c2578a99f22caa2f71ec', 192000, 44100, 'UTF-8', '0:44', '2015-01-25 23:11:48'),
(64, 'Time Remains', 3, 1, 2537306, '257a202819627a81da5c9d68d290a351', 192000, 44100, 'UTF-8', '1:46', '2015-01-25 23:11:48'),
(65, 'Chocobos!', 3, 1, 932242, 'c6dc3970a2955f933c80c2612fae0025', 192000, 44100, 'UTF-8', '0:39', '2015-01-25 23:11:48'),
(66, 'Big Chocobo!', 3, 1, 704378, '067628e41f10c0597caf334a55aa992a', 192000, 44100, 'UTF-8', '0:29', '2015-01-25 23:11:48'),
(67, 'Tower of Owen', 3, 1, 1567006, '2539d4d3641359b05623dbca0ffd491a', 192000, 44100, 'UTF-8', '1:05', '2015-01-25 23:11:48'),
(68, 'Vegies of Geasal', 3, 1, 1083108, '0aeb452928889ac9262033226c34ef20', 192000, 44100, 'UTF-8', '0:45', '2015-01-25 23:11:48'),
(69, 'Castle of Hain', 3, 1, 1986426, '70ce67ccdc6c09ed8c92102c0f4e99bc', 192000, 44100, 'UTF-8', '1:23', '2015-01-25 23:11:48'),
(70, 'Battle 2', 3, 1, 2397708, '4c1f8973fbcdd8cb9610a3aa0f30f9f8', 192000, 44100, 'UTF-8', '1:40', '2015-01-25 23:11:48'),
(71, 'The Requiem', 3, 1, 919722, '47e7f74091f6e4451b81bd12efb182f9', 192000, 44100, 'UTF-8', '0:38', '2015-01-25 23:11:48'),
(72, 'Go Above the Clouds!', 3, 1, 1071840, '0de423c2930608420a209cf81939eb9e', 192000, 44100, 'UTF-8', '0:45', '2015-01-25 23:11:48'),
(73, 'Boundless Ocean', 3, 1, 1890022, 'a7ea907c12f63aed93890953a690784d', 192000, 44100, 'UTF-8', '1:19', '2015-01-25 23:11:49'),
(74, 'Elia, The Maiden Of Water', 3, 1, 1962638, '55a48127a001e7c3b62bbcfbf8c9104b', 192000, 44100, 'UTF-8', '1:22', '2015-01-25 23:11:49'),
(75, 'Town of Water', 3, 1, 1606053, 'a1e5a62e8339f4ca7e51c5339b02c6e6', 192000, 44100, 'UTF-8', '1:07', '2015-01-25 23:11:49'),
(76, 'Let''s Play the Piano!', 3, 1, 274942, '361b81eeafb32e74416bc8b9a113bd26', 192000, 44100, 'UTF-8', '0:11', '2015-01-25 23:11:49'),
(77, 'Let''s Play the Piano Again!', 3, 1, 157880, '1a695ddc1f05931c1ea23457327c1531', 192000, 44100, 'UTF-8', '0:07', '2015-01-25 23:11:49'),
(78, 'Swift Twist', 3, 1, 932868, 'fc83f1dd99bca4dc8647d7d0c750d25e', 192000, 44100, 'UTF-8', '0:39', '2015-01-25 23:11:49'),
(79, 'Good Ol'' Fellows', 3, 1, 827308, '23ad9b5c7f514c921056c7b0608f45bd', 192000, 44100, 'UTF-8', '0:34', '2015-01-25 23:11:49'),
(80, 'In the Covert Town', 3, 1, 1469976, '91287d932ebd990bfd6547ac8fde0c9e', 192000, 44100, 'UTF-8', '1:01', '2015-01-25 23:11:49'),
(81, 'Salonia', 3, 1, 2417114, 'feeb415f96df2e07114bf6244f13b59d', 192000, 44100, 'UTF-8', '1:41', '2015-01-25 23:11:49'),
(82, 'Deep Under The Water', 3, 1, 2725106, '48013296672eaf882f1b21ae04519250', 192000, 44100, 'UTF-8', '1:54', '2015-01-25 23:11:49'),
(83, 'Beneath The Horizon', 3, 1, 2069293, 'dac3c6a6c558c613abae7e866de616e8', 192000, 44100, 'UTF-8', '1:26', '2015-01-25 23:11:49'),
(84, 'Let Me Know the Truth', 3, 1, 1342898, '12fb83c2d33f18ae4bc49ab37c94269d', 192000, 44100, 'UTF-8', '0:56', '2015-01-25 23:11:49'),
(85, 'Lute of Noah', 3, 1, 496546, 'c2ece3ec74aee7cacf629314c98aac0b', 192000, 44100, 'UTF-8', '0:21', '2015-01-25 23:11:49'),
(86, 'Good Morning!', 3, 1, 740060, '2d79c624559c56bbd4b11fa495098070', 192000, 44100, 'UTF-8', '0:31', '2015-01-25 23:11:50'),
(87, 'The Invincible', 3, 1, 2037367, '132dded023831efab897919146ea35cf', 192000, 44100, 'UTF-8', '1:25', '2015-01-25 23:11:50'),
(88, 'Forbidden Land', 3, 1, 1191406, '0369759dff5aa0876aedd97c917eb4ec', 192000, 44100, 'UTF-8', '0:50', '2015-01-25 23:11:50'),
(89, 'The Crystal Tower', 3, 1, 1794244, '4eab1879d050b68ed84e09d41b98870e', 192000, 44100, 'UTF-8', '1:15', '2015-01-25 23:11:50'),
(90, 'The Dark Crystals', 3, 1, 2481592, '278fae23d768c6392d933dd5bd1471b7', 192000, 44100, 'UTF-8', '1:43', '2015-01-25 23:11:50'),
(91, 'This Is the Last Battle', 3, 1, 3408072, '7008fcfaab38dc842efc7614fb7e1c4e', 192000, 44100, 'UTF-8', '2:22', '2015-01-25 23:11:50'),
(92, 'The Everlasting World', 3, 1, 9699998, 'fecf81ee6c52d989648f6f9613ce99bd', 192000, 44100, 'UTF-8', '6:44', '2015-01-25 23:11:50'),
(93, 'The Prelude', 4, 1, 1158842, '6bf8d219c30de9f5f8a1dca195d4722a', 128000, 44100, 'UTF-8', '1:12', '2015-01-25 23:33:38'),
(94, 'Red Wings', 4, 1, 2020859, '045b2f97f4deea06716db624a0ac6c66', 128000, 44100, 'UTF-8', '2:06', '2015-01-25 23:33:38'),
(95, 'Kingdom Baron', 4, 1, 1133949, 'b91910fe73eba85385aefb29b2cf7a16', 128000, 44100, 'UTF-8', '1:11', '2015-01-25 23:33:38'),
(96, 'Theme Of Love', 4, 1, 1758380, 'faba758df3cc4252cbfcff46508f35f1', 128000, 44100, 'UTF-8', '1:50', '2015-01-25 23:33:38'),
(97, 'Prologue', 4, 1, 1134367, '86fbb05f1e133443cacd2f6eec4d4b31', 128000, 44100, 'UTF-8', '1:11', '2015-01-25 23:33:38'),
(98, 'Welcome To Our Town', 4, 1, 785626, '56b8bb339377c86801b5eb16b694885e', 128000, 44100, 'UTF-8', '0:49', '2015-01-25 23:33:38'),
(99, 'Main Theme', 4, 1, 1370268, 'db8ba4e6abae048cd67c13df7bf3df72', 128000, 44100, 'UTF-8', '1:25', '2015-01-25 23:33:38'),
(100, 'Fight 1', 4, 1, 966604, '862327d0c874ca2364ed2f7aa4d99e0a', 128000, 44100, 'UTF-8', '1:00', '2015-01-25 23:33:38'),
(101, 'Fanfare', 4, 1, 416138, '3fcaaabf8bb3a646aeb19d591eb65bf2', 128000, 44100, 'UTF-8', '0:26', '2015-01-25 23:33:38'),
(102, 'Hello, Big Chocobo', 4, 1, 390728, '740b661c1a43592871b26bf832973968', 128000, 44100, 'UTF-8', '0:24', '2015-01-25 23:33:38'),
(103, 'Chocobo Chocobo', 4, 1, 489136, '5249b112cd9392034807ea6678f5b130', 128000, 44100, 'UTF-8', '0:30', '2015-01-25 23:33:38'),
(104, 'Into The Darkness', 4, 1, 1143006, 'fbe88e823f358bbb1f686f57ec37fe3a', 112000, 44100, 'UTF-8', '1:21', '2015-01-25 23:33:39'),
(105, 'Fight 2', 4, 1, 1026936, 'baa440a20eaf00e00f445a9e12448c6b', 112000, 44100, 'UTF-8', '1:13', '2015-01-25 23:33:39'),
(106, 'Ring Of Bomb', 4, 1, 740776, '8f94a867d60b58c42436d0af66ecd201', 112000, 44100, 'UTF-8', '0:53', '2015-01-25 23:33:39'),
(107, 'Rydia', 4, 1, 859766, 'c0d01244bee5384cb7f1b9cfbd8b7de5', 112000, 44100, 'UTF-8', '1:01', '2015-01-25 23:33:39'),
(108, 'Castle Damcyan', 4, 1, 889696, '1892f6b6d6ddb0e31fb257eaa79de06b', 112000, 44100, 'UTF-8', '1:03', '2015-01-25 23:33:39'),
(109, 'Cry In Sorrow', 4, 1, 861956, '3e13bbf80a2bf3d8935b7d3ec6369ee7', 112000, 44100, 'UTF-8', '1:01', '2015-01-25 23:33:39'),
(110, 'Melody Of Lute', 4, 1, 764136, '908daf5c76bc2b8bbb68747a901478df', 112000, 44100, 'UTF-8', '0:54', '2015-01-25 23:33:39'),
(111, 'Mt Ordeals', 4, 1, 1103951, '9f3944d5fd0d12eda52c0bcb2935a1f1', 112000, 44100, 'UTF-8', '1:19', '2015-01-25 23:33:39'),
(112, 'Fabul', 4, 1, 1336821, 'bdfbb66c522d6d3097863c189ec7ac4a', 112000, 44100, 'UTF-8', '1:35', '2015-01-25 23:33:39'),
(113, 'Run ', 4, 1, 351686, 'da24690e994f5718e907395043fcade0', 112000, 44100, 'UTF-8', '0:25', '2015-01-25 23:33:39'),
(114, 'Suspicion', 4, 1, 526521, '14ceccfe4b1ba4f6496e6f29ce967fd9', 112000, 44100, 'UTF-8', '0:37', '2015-01-25 23:33:39'),
(115, 'Golbeza Clad In The Dark', 4, 1, 850276, '0b9404968ef588c1d94c4faf2fa832d2', 112000, 44100, 'UTF-8', '1:00', '2015-01-25 23:33:39'),
(116, 'Hey, Cid ', 4, 1, 784941, '1db06ba6c36dbd0c862682722c67d6f9', 112000, 44100, 'UTF-8', '0:56', '2015-01-25 23:33:39'),
(117, 'Mystic Mysidia', 4, 1, 1120376, 'beaf60383a8eafc0d2c078131e121f50', 112000, 44100, 'UTF-8', '1:20', '2015-01-25 23:33:39'),
(118, 'Long Way To Go', 4, 1, 642956, '760df7d75511cfcd54ba323608192c1a', 112000, 44100, 'UTF-8', '0:46', '2015-01-25 23:33:40'),
(119, 'Palom & Porom', 4, 1, 523966, '8e8082d99727401c48d5546f5bed6a27', 112000, 44100, 'UTF-8', '0:37', '2015-01-25 23:33:40'),
(120, 'The Dreadful Fight', 4, 1, 1390476, '58003fc80ca9032d20946754ac7b06c7', 112000, 44100, 'UTF-8', '1:39', '2015-01-25 23:33:40'),
(121, 'The Airship', 4, 1, 779831, 'a7dbd5c863149b3f4c3ef592a49d10af', 112000, 44100, 'UTF-8', '0:55', '2015-01-25 23:33:40'),
(122, 'Trojain Beauty', 4, 1, 1170016, '16f0635061e096411dea69ee4795324b', 112000, 44100, 'UTF-8', '1:23', '2015-01-25 23:33:40'),
(123, 'Samba De Chocobo ', 4, 1, 637846, 'ef37e2b6de7322afa81a64878971f659', 112000, 44100, 'UTF-8', '0:45', '2015-01-25 23:33:40'),
(124, 'Tower Of Bab Il', 4, 1, 1276231, 'd8e122d053f0bfc945b11d949d79d802', 112000, 44100, 'UTF-8', '1:31', '2015-01-25 23:33:40'),
(125, 'Somewhere In The World', 4, 1, 475421, 'ddf7795213f6eced773e3561163c523a', 112000, 44100, 'UTF-8', '0:34', '2015-01-25 23:33:40'),
(126, 'Land Of Dwarves', 4, 1, 733294, 'a0d4caf37c4ed401e730ce1b11a0cf99', 112000, 44100, 'UTF-8', '0:52', '2015-01-25 23:33:40'),
(127, 'Giotto, The Great King', 4, 1, 806476, '2c972acb326aa01d2d1b2c568e0dba70', 112000, 44100, 'UTF-8', '0:57', '2015-01-25 23:33:40'),
(128, 'Dancing Calcobrena', 4, 1, 463376, '3af0d2877050ea454f9cdb848ec431f0', 112000, 44100, 'UTF-8', '0:33', '2015-01-25 23:33:40'),
(129, 'Tower Of Zot', 4, 1, 915611, '0780c4d8de8ae6349581b7e433b36381', 112000, 44100, 'UTF-8', '1:05', '2015-01-25 23:33:40'),
(130, 'Illusionary World', 4, 1, 1043361, 'dc3ffad79a665d13e52e6d5ac7eb3816', 112000, 44100, 'UTF-8', '1:14', '2015-01-25 23:33:41'),
(131, 'The Big Whale', 4, 1, 959776, 'b631c1587d5d9848028979d5e5521707', 112000, 44100, 'UTF-8', '1:08', '2015-01-25 23:33:41'),
(132, 'Another Moon', 4, 1, 938606, '7e5b2d5d2a289e5515eb5060d5a05538', 112000, 44100, 'UTF-8', '1:07', '2015-01-25 23:33:41'),
(133, 'The Lunarians', 4, 1, 1069276, '5435abe9a363ec72376635bd131d72b8', 112000, 44100, 'UTF-8', '1:16', '2015-01-25 23:33:41'),
(134, 'Within The Giant', 4, 1, 1222211, '2ae938773022f9bcd366c05cb0eb60db', 112000, 44100, 'UTF-8', '1:27', '2015-01-25 23:33:41'),
(135, 'The Final Battle', 4, 1, 1842302, '9c932badd51b1d99307cd98cfbc1f993', 128000, 44100, 'UTF-8', '1:55', '2015-01-25 23:33:41'),
(136, 'Epilogue', 4, 1, 8001646, '565b7ed468d0d200b5c385316f84b628', 112000, 44100, 'UTF-8', '9:31', '2015-01-25 23:33:41'),
(137, 'Ahead on Our Way', 5, 1, 3777305, '7b99813cf855c4cd3c878c7154b70ad3', 192000, 44100, 'UTF-8', '2:37', '2015-01-26 00:01:53'),
(138, 'A Presentiment', 5, 1, 4290435, 'd33a0a269daa740e3c6acbf57477ae1a', 128000, 44100, 'UTF-8', '4:28', '2015-01-26 00:01:53'),
(139, 'Four Valiant Hearts', 5, 1, 2500112, 'bbe7039cb3112b6e6e0731e7f0ed36b7', 192000, 44100, 'UTF-8', '1:44', '2015-01-26 00:01:53'),
(140, 'Hurry! Hurry!', 5, 1, 672579, '5060b88db478583af15fd0d66262bcee', 128000, 44100, 'UTF-8', '0:42', '2015-01-26 00:01:53'),
(141, 'Lenna''s Theme', 5, 1, 1890512, 'b2bf84db837c178b97f7d56dbdb5a173', 128000, 44100, 'UTF-8', '1:58', '2015-01-26 00:01:53'),
(142, 'Fate in Haze', 5, 1, 3579970, 'fb4932a78abf205ae9a01e29f6b19692', 192000, 44100, 'UTF-8', '2:29', '2015-01-26 00:01:53'),
(143, 'The Battle', 5, 1, 1181232, '3a82cdd40b9c46108237187ab59f0028', 128000, 44100, 'UTF-8', '1:14', '2015-01-26 00:01:53'),
(144, 'Victory''s Fanfare', 5, 1, 685122, '6a5b77e8cb5bbca47670f2fc861b3f8d', 128000, 44100, 'UTF-8', '0:43', '2015-01-26 00:01:53'),
(145, 'Requiem', 5, 1, 395884, '81112d008102e5c6a67f2028ea5f4329', 128000, 44100, 'UTF-8', '0:25', '2015-01-26 00:01:53'),
(146, 'Pirate''s Ahoy!', 5, 1, 3067611, '31551e1e41ba94322030b00e48e23476', 192000, 44100, 'UTF-8', '2:08', '2015-01-26 00:01:53'),
(147, 'Tenderness in the Air', 5, 1, 2200646, 'b3f85798ec842369eb4fb31d38169d61', 128000, 44100, 'UTF-8', '2:17', '2015-01-26 00:01:53'),
(148, 'Good Night!', 5, 1, 118784, '7c01d978269492708e33b8df72c644f6', 128000, 44100, 'UTF-8', '0:07', '2015-01-26 00:01:54'),
(149, 'Sealed Away', 5, 1, 1705772, 'd3e222e7c06ffcd7669188663e2b5af8', 128000, 44100, 'UTF-8', '1:47', '2015-01-26 00:01:54'),
(150, 'Cursed Earth', 5, 1, 1809009, '65cd374dc5748926acef8bac61285fb9', 128000, 44100, 'UTF-8', '1:53', '2015-01-26 00:01:54'),
(151, 'Deception', 5, 1, 1181649, 'a4921b6c4f7e891c6fada1c2c5fa4fb3', 128000, 44100, 'UTF-8', '1:14', '2015-01-26 00:01:54'),
(152, 'Harvest', 5, 1, 1668988, '33078715623264088976b5dc8f7a0eb7', 128000, 44100, 'UTF-8', '1:44', '2015-01-26 00:01:54'),
(153, 'Walking the Snowy Mountains', 5, 1, 1823650, '424436c52c441cc6cc82db0cff6d75a6', 128000, 44100, 'UTF-8', '1:54', '2015-01-26 00:01:54'),
(154, 'Danger!', 5, 1, 1958626, '798cf47cb9ef0d38615802333b78aa3a', 192000, 44100, 'UTF-8', '1:22', '2015-01-26 00:01:54'),
(155, 'The Fierce Battle', 5, 1, 3601642, 'bd9ff840176743b5e0b2ff72219f818f', 192000, 44100, 'UTF-8', '2:30', '2015-01-26 00:01:54'),
(156, 'The Dragon Spreads its Wings', 5, 1, 1738386, '196f749ef313498c6243192e938ac3e0', 128000, 44100, 'UTF-8', '1:49', '2015-01-26 00:01:54'),
(157, 'Royal Palace', 5, 1, 1602537, '88ebe13b22e997c0f1f095eb9ceff5e2', 128000, 44100, 'UTF-8', '1:40', '2015-01-26 00:01:54'),
(158, 'The Fire Powered Ship', 5, 1, 1555317, '72a8f2b7bf06f492b7949413d94e31a6', 128000, 44100, 'UTF-8', '1:37', '2015-01-26 00:01:54'),
(159, 'Run!', 5, 1, 834320, '91f1add1de4cd8a09e0e8d51602f8a48', 128000, 44100, 'UTF-8', '0:52', '2015-01-26 00:01:54'),
(160, 'Nostalgia', 5, 1, 2438870, 'fa2fc66787cde91c3ad6017e905b4b8d', 128000, 44100, 'UTF-8', '2:32', '2015-01-26 00:01:54'),
(161, 'The Ancient Library', 5, 1, 2466466, '3da95be5e680e366a86adb0ffcff90b3', 128000, 44100, 'UTF-8', '2:34', '2015-01-26 00:01:55'),
(162, 'Reminiscence', 5, 1, 1538589, 'fdf4e30ae0f69d71f607f6733c3941a4', 128000, 44100, 'UTF-8', '1:36', '2015-01-26 00:01:55'),
(163, 'Musica Machina', 5, 1, 1689893, '8b85dd76e88e90eb7b5c6b6a2944c50e', 128000, 44100, 'UTF-8', '1:46', '2015-01-26 00:01:55'),
(164, 'The Day Will Come', 5, 1, 1818655, 'e3b157d6a26c2cd2ab2d327156522c01', 128000, 32000, 'UTF-8', '1:54', '2015-01-26 00:01:55'),
(165, 'What?', 5, 1, 855218, 'f00507b5edde470846eb534ab112887c', 128000, 44100, 'UTF-8', '0:53', '2015-01-26 00:01:55'),
(166, 'Mambo De Chocobo', 5, 1, 1170654, 'e73e3ac36df4475cbaf48106aab3e4fa', 128000, 32000, 'UTF-8', '1:13', '2015-01-26 00:01:55'),
(167, 'My Home, Sweet Home', 5, 1, 3893797, '310d919e87b091cbe2305cebf8b30d9c', 192000, 44100, 'UTF-8', '2:42', '2015-01-26 00:01:55'),
(168, 'Music Box', 5, 1, 1775616, '169b5eefd40f6416a4442cc51dfa3bd0', 128000, 44100, 'UTF-8', '1:51', '2015-01-26 00:01:55'),
(169, 'The Airship', 5, 1, 1975321, '5e11f3467b01f30f13fa0ac6e94170bc', 128000, 32000, 'UTF-8', '2:03', '2015-01-26 00:01:55'),
(170, 'The Evil Lord Exdeath', 5, 1, 2312291, '6810d2b51e0a15b0ca52513933f40e53', 128000, 32000, 'UTF-8', '2:24', '2015-01-26 00:01:55'),
(171, 'Exdeath''s Castle', 5, 1, 2237249, '4edd5c893228eb31168cdeb83665d99c', 128000, 44100, 'UTF-8', '2:20', '2015-01-26 00:25:45'),
(172, 'The Four Warrirors of Dawn', 5, 1, 2130014, '2921830b8e4293573eb354f9d42f543a', 128000, 44100, 'UTF-8', '2:13', '2015-01-26 00:25:45'),
(173, 'Battle With Gilgamesh', 5, 1, 2351098, '8e71f7d1a392fc5519edb6e3195f0ca6', 128000, 44100, 'UTF-8', '2:27', '2015-01-26 00:25:45'),
(174, 'Unknown Lands', 5, 1, 2209416, 'bc4bf5a0818e9951809d45a0ca93722e', 128000, 44100, 'UTF-8', '2:18', '2015-01-26 00:25:45'),
(175, 'Critter Tripper Fritter!?', 5, 1, 1354281, '07ad71afcbd175bd9f4fb8092cb62d47', 128000, 44100, 'UTF-8', '1:25', '2015-01-26 00:25:45'),
(176, 'The Castle Of Dawn', 5, 1, 1907654, 'd43e70999431af397a9fbb673abd1106', 128000, 44100, 'UTF-8', '1:59', '2015-01-26 00:25:45'),
(177, 'Beyond the Deep Blue Seas', 5, 1, 1637240, 'c701760a9f924ebc7a39427c59bceb89', 128000, 44100, 'UTF-8', '1:42', '2015-01-26 00:25:45'),
(178, 'As I Feel, You Feel', 5, 1, 2442643, 'f5d8f4624a784bf93bd4926e53f9bbdb', 128000, 44100, 'UTF-8', '2:33', '2015-01-26 00:25:46'),
(179, 'Waltz Clavier', 5, 1, 3836342, '7c91e8a718dc929786bc2fea3623c06b', 224043, 44100, 'UTF-8', '2:17', '2015-01-26 00:25:46'),
(180, 'Go Go Boco!', 5, 1, 1171203, 'd21e6f7dc4bc9e93ec0b6cec0df46c62', 128000, 44100, 'UTF-8', '1:13', '2015-01-26 00:25:46'),
(181, 'The Land Unknown', 5, 1, 2161951, '7fd0db389361c866df068b3155e91d15', 128000, 32000, 'UTF-8', '2:15', '2015-01-26 00:25:46'),
(182, 'The Book Of Sealings', 5, 1, 1668584, '9311e75ea2d849f351bcceaae42e0054', 128000, 44100, 'UTF-8', '1:44', '2015-01-26 00:25:46'),
(183, 'Intention of the Earth', 5, 1, 2300540, 'ac44d37c28a76db63e25d0db5563d8f6', 128000, 44100, 'UTF-8', '2:24', '2015-01-26 00:25:46'),
(184, 'The Prelude of Empty Skies', 5, 1, 3794746, '1f1edd1f62a281309edc1f654d9de0bc', 128000, 44100, 'UTF-8', '3:57', '2015-01-26 00:25:46'),
(185, 'Searching The Light', 5, 1, 1609651, 'dfa9fffc3d49c6f13315eee06ea0afc1', 128000, 44100, 'UTF-8', '1:40', '2015-01-26 00:25:46'),
(186, 'The Decisive Battle', 5, 1, 4210611, 'd97b01ea54452147c98ecf6d31b73527', 128000, 44100, 'UTF-8', '4:23', '2015-01-26 00:25:46'),
(187, 'The Last Battle', 5, 1, 6843245, '57ecc39c134b72da7b889971ca5b8b56', 224024, 44100, 'UTF-8', '4:04', '2015-01-26 00:25:46'),
(188, 'The Silent Beyond', 5, 1, 5386328, '2f10a6dcf6a9ef90282f44b0e6eadfe8', 128000, 44100, 'UTF-8', '5:37', '2015-01-26 00:25:46'),
(189, 'Dear Friends', 5, 1, 3775145, '951bb989cb11122f0bb42570997341ae', 128000, 44100, 'UTF-8', '3:56', '2015-01-26 00:25:46'),
(190, 'Final Fantasy', 5, 1, 3409666, '68374a186f5ddbad8e841fe48d63c459', 128000, 44100, 'UTF-8', '3:33', '2015-01-26 00:25:47'),
(191, 'The New Origin', 5, 1, 7890317, '00c9aa17fdc3fff204a1219de92b85bd', 128000, 44100, 'UTF-8', '8:13', '2015-01-26 00:25:47'),
(192, 'The Prelude', 5, 1, 2407472, 'b96d559b4961cc541db18da3bf0f8cad', 192000, 44100, 'UTF-8', '1:40', '2015-01-26 00:25:47'),
(193, 'Fanfare 1', 5, 1, 140932, 'fadf4b834bd4b0079048a7eab61b4964', 128000, 44100, 'UTF-8', '0:09', '2015-01-26 00:25:47'),
(194, 'Fanfare 2', 5, 1, 154307, '3f78c9b25e512c88d11a32cb59d6f0f2', 128000, 44100, 'UTF-8', '0:10', '2015-01-26 00:25:47'),
(195, 'I''m a Dancer', 5, 1, 273428, '01f4dae3bbb5b0ce6f57714f4dea0e8b', 128000, 44100, 'UTF-8', '0:17', '2015-01-26 00:25:47'),
(196, 'Piano Lesson 1', 5, 1, 180643, '9c0402dd183f879f3a1614cf0ca71faf', 128000, 44100, 'UTF-8', '0:11', '2015-01-26 00:25:47'),
(197, 'Piano Lesson 2', 5, 1, 329019, '915a28b1961eafd8307ba154bb7a0252', 192000, 44100, 'UTF-8', '0:14', '2015-01-26 00:25:47'),
(198, 'Piano Lesson 3', 5, 1, 323377, 'b1541f020f4d3174d1a68814ac5b8f98', 192000, 44100, 'UTF-8', '0:13', '2015-01-26 00:25:47'),
(199, 'Piano Lesson 4', 5, 1, 426821, '5820915d63f991cb0c7fb47370e2f5bb', 128000, 44100, 'UTF-8', '0:27', '2015-01-26 00:25:47'),
(200, 'Piano Lesson 5', 5, 1, 216797, 'c60c8b7bc9b3ed5b182e8f378eb2c467', 192000, 44100, 'UTF-8', '0:09', '2015-01-26 00:25:47'),
(201, 'Piano Lesson 6', 5, 1, 198720, '973b775d59ce591efba487088f2468be', 160000, 44100, 'UTF-8', '0:10', '2015-01-26 00:25:47'),
(202, 'Piano Lesson 7', 5, 1, 201124, 'a0b0d179a75f482afe0032c7e6183fee', 192000, 44100, 'UTF-8', '0:08', '2015-01-26 00:25:47'),
(203, 'Piano Lesson 8', 5, 1, 199451, '010ea28e6bd519da68c204d3e93e73f6', 128000, 44100, 'UTF-8', '0:12', '2015-01-26 00:25:48'),
(204, 'Opening Theme', 6, 1, 4091552, '61acdceaeb4d296a162acd2ff52d27aa', 128000, 44100, 'UTF-8', '4:16', '2015-01-26 01:20:18'),
(205, 'The Mines of Narshe', 6, 1, 2703776, '2e2d1e20833d051534720f820f1f360d', 128000, 44100, 'UTF-8', '2:49', '2015-01-26 01:20:18'),
(206, 'Awakening', 6, 1, 1624997, '88fcb8e2126e8ceaf9e03999047d92c6', 128000, 44100, 'UTF-8', '1:41', '2015-01-26 01:20:18'),
(207, 'Locke', 6, 1, 1939415, '83f116e17f91423443e54cc0fb9944fe', 128000, 44100, 'UTF-8', '2:01', '2015-01-26 01:20:18'),
(208, 'Battle Theme', 6, 1, 1913144, '12ef362279834b2b8631394da1eaae21', 128000, 44100, 'UTF-8', '1:59', '2015-01-26 01:20:19'),
(209, 'Fanfare', 6, 1, 640877, 'e72b2d74d2fc6ab9a4d81590fb9ddb6d', 128000, 44100, 'UTF-8', '0:40', '2015-01-26 01:20:19'),
(210, 'Edgar and Mash', 6, 1, 2445236, '6df4eb252c59ecd0050b1b32d83714d3', 128000, 44100, 'UTF-8', '2:33', '2015-01-26 01:20:19'),
(211, 'Kefka', 6, 1, 2616623, '6e6465faba8c96850e4847bfe0fa0913', 128000, 44100, 'UTF-8', '2:43', '2015-01-26 01:20:19'),
(212, 'Mt. Koltz', 6, 1, 2401868, '3c9d69ea43b67965940f8e02d2dfb80a', 128000, 44100, 'UTF-8', '2:30', '2015-01-26 01:20:19'),
(213, 'Returners', 6, 1, 2594939, 'a8183221c1f6e5f98b998654b43395f7', 128000, 44100, 'UTF-8', '2:42', '2015-01-26 01:20:19'),
(214, 'Shadow', 6, 1, 1813898, '0c319c08c9522c997b48daa1e7f24360', 128000, 44100, 'UTF-8', '1:53', '2015-01-26 01:20:19'),
(215, 'Troops March On', 6, 1, 1871861, '94e140c5f0c1a04c39a90ffefc7bcae2', 128000, 44100, 'UTF-8', '1:57', '2015-01-26 01:20:19'),
(216, 'Cayenne', 6, 1, 2265509, 'ebdb267a067c614da44fa296fdd31d18', 128000, 44100, 'UTF-8', '2:22', '2015-01-26 01:20:19'),
(217, 'The Unforgiven', 6, 1, 1334765, '1e2f23456aa67cbae0773523dad393f0', 128000, 44100, 'UTF-8', '1:23', '2015-01-26 01:20:19'),
(218, 'The Phantom Forest', 6, 1, 3164561, '03dc282664bed2baa40975e740abb988', 128000, 44100, 'UTF-8', '3:18', '2015-01-26 01:20:20'),
(219, 'Phantom Train', 6, 1, 2706278, '99dc77de589484be220ed2687c9c84bc', 128000, 44100, 'UTF-8', '2:49', '2015-01-26 01:20:20'),
(220, 'Wild West', 6, 1, 2201291, 'e47956ca369ee21a03cb0de7bde4d33d', 128000, 44100, 'UTF-8', '2:18', '2015-01-26 01:20:20'),
(221, 'Gau', 6, 1, 1766360, '671e93e13ba77e73d55544f3046ca598', 128000, 44100, 'UTF-8', '1:50', '2015-01-26 01:20:20'),
(222, 'The Serpent Trench', 6, 1, 2032406, 'a6e543b43576b4eeeaf8c694d731f3e4', 128000, 44100, 'UTF-8', '2:07', '2015-01-26 01:20:20'),
(223, 'Kids run through the City', 6, 1, 2599526, '069bd94deac45ccd7f9a2b2b56cea60e', 128000, 44100, 'UTF-8', '2:42', '2015-01-26 01:20:20'),
(224, 'Under Martial Law', 6, 1, 2339318, '71da6a2fffd8303c47ecf6c1b3e58baf', 128000, 44100, 'UTF-8', '2:26', '2015-01-26 01:20:20'),
(225, 'Celes', 6, 1, 2818034, '654eb49e66b9ce175f01545d99c5d280', 128000, 44100, 'UTF-8', '2:56', '2015-01-26 01:20:20'),
(226, 'Save Them', 6, 1, 1877282, '78408d4403fe096ac5918d1c0a29c585', 128000, 44100, 'UTF-8', '1:57', '2015-01-26 01:20:21'),
(227, 'The Decisive Battle', 6, 1, 1910225, '52e30171e6bc43e729099d4dae7046e2', 128000, 44100, 'UTF-8', '1:59', '2015-01-26 01:20:21'),
(228, 'Metamorphosis', 6, 1, 1370210, '22f22c5e2ad509aacc7bc75d59e6e342', 128000, 44100, 'UTF-8', '1:26', '2015-01-26 01:20:21'),
(229, 'Tina', 6, 1, 3684977, '36b76a0849d74bc9b412f50e9fd29b8f', 128000, 44100, 'UTF-8', '3:50', '2015-01-26 01:20:46'),
(230, 'Coin Song', 6, 1, 3116606, '10d5877bae66ed6b22509ddb57fa2848', 128000, 44100, 'UTF-8', '3:15', '2015-01-26 01:20:46'),
(231, 'Techno de Chocobo', 6, 1, 1525751, '2d17f12b4d890ec582f3b729a62bea61', 128000, 44100, 'UTF-8', '1:35', '2015-01-26 01:20:46'),
(232, 'Forever Rachel', 6, 1, 2750480, 'bd6c88b0b310c54ba6b0619e69b64107', 128000, 44100, 'UTF-8', '2:52', '2015-01-26 01:20:46'),
(233, 'Slam Shuffle', 6, 1, 2244659, 'a1f22d1c7bf4ac5e0f07ee187ec06a05', 128000, 44100, 'UTF-8', '2:20', '2015-01-26 01:20:46'),
(234, 'Spinach Rag', 6, 1, 2144162, 'b9b4cb5d829e0950ace132bdf5a2f876', 128000, 44100, 'UTF-8', '2:14', '2015-01-26 01:20:46'),
(235, 'Overture', 6, 1, 4577357, '9edfec8a3ea300775489e4bb0cd55d96', 128000, 44100, 'UTF-8', '4:46', '2015-01-26 01:20:46'),
(236, 'Aria di Mezzo Carattere', 6, 1, 3764624, 'e52ff348aa47d1ce395832a67bdaa12e', 128000, 44100, 'UTF-8', '3:55', '2015-01-26 01:20:46'),
(237, 'The Wedding', 6, 1, 3856781, '25ebc5a30460a3abed1082d6c80aac00', 128000, 44100, 'UTF-8', '4:01', '2015-01-26 01:20:47'),
(238, 'Grand Finale', 6, 1, 3111602, 'd2c29d3f081322202fb71d7b237a0a2c', 128000, 44100, 'UTF-8', '3:14', '2015-01-26 01:20:47'),
(239, 'Setzer', 6, 1, 1845590, '50f0b502f645a465e4d12a5b8f875802', 128000, 44100, 'UTF-8', '1:55', '2015-01-26 01:20:47'),
(240, 'Johnny C. Bad', 6, 1, 2795099, 'a64fafea37efac40452230e1fbf2e069', 128000, 44100, 'UTF-8', '2:55', '2015-01-26 01:20:47'),
(241, 'The Empire ''Gestahl''', 6, 1, 3059060, 'da97eeff32797a58a6c5cf9b7984d9a0', 128000, 44100, 'UTF-8', '3:11', '2015-01-26 01:20:47'),
(242, 'Devil''s Lab', 6, 1, 2433560, '9a1c54acc731e55de7bbc372e6daf0b2', 128000, 44100, 'UTF-8', '2:32', '2015-01-26 01:20:47'),
(243, 'Blackjack', 6, 1, 2950640, 'ebecfa7c1ee348fee0b220245ffb57a2', 128000, 44100, 'UTF-8', '3:04', '2015-01-26 01:20:47'),
(244, '??', 6, 1, 1084148, '2eff2473b2749dda3c41d151a2e41866', 128000, 44100, 'UTF-8', '1:08', '2015-01-26 01:20:48'),
(245, 'Mog', 6, 1, 1841003, '9db7c901947ac44ed7667dbe12b629d1', 128000, 44100, 'UTF-8', '1:55', '2015-01-26 01:20:48'),
(246, 'Stragus', 6, 1, 2389358, '645da343c06f38d97be2fa290d47cda1', 128000, 44100, 'UTF-8', '2:29', '2015-01-26 01:20:48'),
(247, 'Relm', 6, 1, 2791763, 'adbf1fbfae00373b2ff0e0e5e1cdb9e3', 128000, 44100, 'UTF-8', '2:54', '2015-01-26 01:20:48'),
(248, 'Another World of Beasts', 6, 1, 2529053, 'faa42d34169f1b2e3222c844375c5ec1', 128000, 44100, 'UTF-8', '2:38', '2015-01-26 01:20:48'),
(249, 'New Continent', 6, 1, 2364295, 'a4e1b18da6b3c9aeb8f7e6b165a54320', 128000, 44100, 'UTF-8', '2:28', '2015-01-26 01:21:18'),
(250, 'Catastrophe', 6, 1, 2164553, 'f9776f792d09079c767917b5fae282a0', 128000, 44100, 'UTF-8', '2:15', '2015-01-26 01:21:18'),
(251, 'The Fierce Battle', 6, 1, 2477289, 'e2a4d6911558316800fd0271c3b6bf6a', 128000, 44100, 'UTF-8', '2:35', '2015-01-26 01:21:18'),
(252, 'Rest in Peace', 6, 1, 469039, '12f616bcba4050d295f50dc5ac4cdb63', 128000, 44100, 'UTF-8', '0:29', '2015-01-26 01:21:18'),
(253, 'Dark World', 6, 1, 2941831, '8961bd1265a5386cce9b16eaab38a710', 128000, 44100, 'UTF-8', '3:04', '2015-01-26 01:21:19'),
(254, 'The Day After', 6, 1, 2152865, '73b6be6121e7f295564b016cc3ecc3ca', 128000, 44100, 'UTF-8', '2:14', '2015-01-26 01:21:19'),
(255, 'Searching for Friends', 6, 1, 2817973, '1d909b2dfe5f93f970406fa1f78d88ef', 128000, 44100, 'UTF-8', '2:56', '2015-01-26 01:21:19'),
(256, 'Gogo', 6, 1, 2081961, 'a6f7e518a7291ac129855c5dd9cf8b87', 128000, 44100, 'UTF-8', '2:10', '2015-01-26 01:21:19'),
(257, 'Epitaph', 6, 1, 2722491, '6fcc878627d7bb9b442692dff7e839ad', 128000, 44100, 'UTF-8', '2:50', '2015-01-26 01:21:19'),
(258, 'The Magic House', 6, 1, 2441845, '644d46870fa0275ee37910907b3494c2', 128000, 44100, 'UTF-8', '2:33', '2015-01-26 01:21:19'),
(259, 'Umaro', 6, 1, 1833689, '90a95de5f57e6660cedbc99b57815ebe', 128000, 44100, 'UTF-8', '1:55', '2015-01-26 01:21:19'),
(260, 'Fanatics', 6, 1, 1727351, 'ba1a3c9a5ea4b2bb98df40f0c00594f2', 128000, 44100, 'UTF-8', '1:48', '2015-01-26 01:21:19'),
(261, 'Last Dungeon', 6, 1, 2706633, '36cbe5e90cb440fbb7df20e25acd30c8', 128000, 44100, 'UTF-8', '2:49', '2015-01-26 01:21:19'),
(262, 'Dancing Mad', 6, 1, 16888399, '8b1c696d335104e1a5dce38623253ba7', 128000, 44100, 'UTF-8', '17:35', '2015-01-26 01:21:19'),
(263, 'Ending Theme', 6, 1, 20637655, '406c0fbe9aed59541dc9e4aef76c4d1a', 128000, 44100, 'UTF-8', '21:30', '2015-01-26 01:21:20'),
(264, 'The Prelude', 6, 1, 2265775, '65ddb5cffabdbbb7293d891436ee874e', 128000, 44100, 'UTF-8', '2:22', '2015-01-26 01:21:20');

-- --------------------------------------------------------

--
-- Structure de la table `vgbt_game_console_links`
--

CREATE TABLE IF NOT EXISTS `vgbt_game_console_links` (
  `game_id` int(11) NOT NULL,
  `console_id` int(11) NOT NULL,
  PRIMARY KEY (`game_id`,`console_id`)
) ENGINE=InnoDB DEFAULT CHARSET=latin1;

--
-- Contenu de la table `vgbt_game_console_links`
--

INSERT INTO `vgbt_game_console_links` (`game_id`, `console_id`) VALUES
(1, 1),
(2, 1),
(3, 1),
(4, 2),
(5, 2),
(6, 2),
(7, 9),
(8, 9),
(9, 9),
(10, 10),
(11, 10),
(12, 11);

-- --------------------------------------------------------

--
-- Structure de la table `vgbt_game_series`
--

CREATE TABLE IF NOT EXISTS `vgbt_game_series` (
  `id` int(11) NOT NULL AUTO_INCREMENT,
  `name` varchar(255) CHARACTER SET utf8 NOT NULL,
  `date` datetime NOT NULL,
  PRIMARY KEY (`id`),
  UNIQUE KEY `name` (`name`)
) ENGINE=InnoDB  DEFAULT CHARSET=utf8 COLLATE=utf8_bin AUTO_INCREMENT=2 ;

--
-- Contenu de la table `vgbt_game_series`
--

INSERT INTO `vgbt_game_series` (`id`, `name`, `date`) VALUES
(1, 'Final Fantasy', '2015-01-19 00:22:10');

-- --------------------------------------------------------

--
-- Structure de la table `vgbt_games`
--

CREATE TABLE IF NOT EXISTS `vgbt_games` (
  `id` int(11) NOT NULL AUTO_INCREMENT,
  `name` varchar(255) CHARACTER SET utf8 NOT NULL,
  `game_serie` int(11) DEFAULT NULL,
  `release_date` date NOT NULL,
  `date` datetime NOT NULL,
  PRIMARY KEY (`id`),
  UNIQUE KEY `name` (`name`)
) ENGINE=InnoDB  DEFAULT CHARSET=utf8 COLLATE=utf8_bin AUTO_INCREMENT=13 ;

--
-- Contenu de la table `vgbt_games`
--

INSERT INTO `vgbt_games` (`id`, `name`, `game_serie`, `release_date`, `date`) VALUES
(1, 'Final Fantasy 1', 1, '1987-12-18', '2015-01-25 17:49:15'),
(2, 'Final Fantasy 2', 1, '1988-12-17', '2015-01-25 17:49:37'),
(3, 'Final Fantasy 3', 1, '1990-04-27', '2015-01-25 17:50:29'),
(4, 'Final Fantasy 4', 1, '1991-07-19', '2015-01-25 17:51:02'),
(5, 'Final Fantasy 5', 1, '1992-12-06', '2015-01-25 17:51:21'),
(6, 'Final Fantasy 6', 1, '1994-04-02', '2015-01-25 17:51:55'),
(7, 'Final Fantasy 7', 1, '1997-01-31', '2015-01-25 17:57:57'),
(8, 'Final Fantasy 8', 1, '1999-02-11', '2015-01-25 17:59:04'),
(9, 'Final Fantasy 9', 1, '2000-07-07', '2015-01-25 17:59:25'),
(10, 'Final Fantasy 10', 1, '2001-02-19', '2015-01-25 17:59:43'),
(11, 'Final Fantasy 12', 1, '2006-03-16', '2015-01-25 18:00:16'),
(12, 'Final Fantasy 13', 1, '2009-12-17', '2015-01-25 18:00:50');

-- --------------------------------------------------------

--
-- Structure de la table `vgbt_games_alternatives`
--

CREATE TABLE IF NOT EXISTS `vgbt_games_alternatives` (
  `id` int(11) NOT NULL AUTO_INCREMENT,
  `name` varchar(512) COLLATE utf8_bin NOT NULL,
  `date` datetime NOT NULL,
  PRIMARY KEY (`id`)
) ENGINE=InnoDB DEFAULT CHARSET=utf8 COLLATE=utf8_bin AUTO_INCREMENT=1 ;

-- --------------------------------------------------------

--
-- Structure de la table `vgbt_names_alternatives`
--

CREATE TABLE IF NOT EXISTS `vgbt_names_alternatives` (
  `id` int(11) NOT NULL AUTO_INCREMENT,
  `name` varchar(512) COLLATE utf8_bin NOT NULL,
  `date` datetime NOT NULL,
  PRIMARY KEY (`id`)
) ENGINE=InnoDB DEFAULT CHARSET=utf8 COLLATE=utf8_bin AUTO_INCREMENT=1 ;

/*!40101 SET CHARACTER_SET_CLIENT=@OLD_CHARACTER_SET_CLIENT */;
/*!40101 SET CHARACTER_SET_RESULTS=@OLD_CHARACTER_SET_RESULTS */;
/*!40101 SET COLLATION_CONNECTION=@OLD_COLLATION_CONNECTION */;
