-- phpMyAdmin SQL Dump
-- version 4.0.4
-- http://www.phpmyadmin.net
--
-- Client: localhost
-- Généré le: Mar 27 Janvier 2015 à 17:08
-- Version du serveur: 5.6.12-log
-- Version de PHP: 5.4.12

SET SQL_MODE = "NO_AUTO_VALUE_ON_ZERO";
SET time_zone = "+00:00";


/*!40101 SET @OLD_CHARACTER_SET_CLIENT=@@CHARACTER_SET_CLIENT */;
/*!40101 SET @OLD_CHARACTER_SET_RESULTS=@@CHARACTER_SET_RESULTS */;
/*!40101 SET @OLD_COLLATION_CONNECTION=@@COLLATION_CONNECTION */;
/*!40101 SET NAMES utf8 */;

--
-- Base de données: `vgbt`
--
-- --------------------------------------------------------

--
-- Structure de la table `vgbt_albums`
--

CREATE TABLE IF NOT EXISTS `vgbt_albums` (
  `id` int(11) NOT NULL AUTO_INCREMENT,
  `name` varchar(255) CHARACTER SET utf8 NOT NULL,
  `date` datetime NOT NULL,
  PRIMARY KEY (`id`),
  UNIQUE KEY `name` (`name`)
) ENGINE=InnoDB  DEFAULT CHARSET=utf8 COLLATE=utf8_bin AUTO_INCREMENT=15 ;

--
-- Contenu de la table `vgbt_albums`
--

INSERT INTO `vgbt_albums` (`id`, `name`, `date`) VALUES
(1, 'Final Fantasy 1 OST', '2015-01-25 18:45:50'),
(2, 'Final Fantasy 2 OST', '2015-01-25 22:55:39'),
(4, 'Final Fantasy III OSV', '2015-01-25 23:10:04'),
(5, 'Final Fantasy 4 OST', '2015-01-25 23:17:02'),
(7, 'Final Fantasy V OSV', '2015-01-26 00:23:10'),
(8, 'Final Fantasy VI Original Soundtrack', '2015-01-26 01:20:05'),
(9, 'Final Fantasy VII Original Soundtrack', '2015-01-27 16:17:33'),
(10, 'Final Fantasy VIII Original Soundtrack', '2015-01-27 17:07:13'),
(11, 'Final Fantasy IX Original Soundtrack', '2015-01-27 17:11:28'),
(12, 'Final Fantasy X Original Soundtrack', '2015-01-27 17:21:34'),
(13, 'Final Fantasy XII Original Soundtrack, Disk 1', '2015-01-27 17:58:07'),
(14, 'Final Fantasy XIII Original SoundTrack', '2015-01-27 18:03:36');

-- --------------------------------------------------------

--
-- Structure de la table `vgbt_composers`
--

CREATE TABLE IF NOT EXISTS `vgbt_composers` (
  `id` int(11) NOT NULL AUTO_INCREMENT,
  `name` varchar(255) CHARACTER SET utf8 NOT NULL,
  `date` datetime NOT NULL,
  PRIMARY KEY (`id`),
  UNIQUE KEY `name` (`name`)
) ENGINE=InnoDB  DEFAULT CHARSET=utf8 COLLATE=utf8_bin AUTO_INCREMENT=11 ;

--
-- Contenu de la table `vgbt_composers`
--

INSERT INTO `vgbt_composers` (`id`, `name`, `date`) VALUES
(1, 'Nobuo Uematsu', '2015-01-19 00:00:00'),
(4, 'Junya Nakano', '2015-01-27 17:49:14'),
(5, 'Masashi Hamauzu', '2015-01-27 17:49:30'),
(6, 'Hitoshi Sakimoto', '2015-01-27 17:58:00'),
(7, 'Masaharu Iwata', '2015-01-27 18:00:48'),
(8, 'Hayato Matsuo', '2015-01-27 18:00:58'),
(9, 'Angela Aki', '2015-01-27 18:02:19'),
(10, 'Sayuri Sugawara', '2015-01-27 18:03:25');

-- --------------------------------------------------------

--
-- Structure de la table `vgbt_consoles`
--

CREATE TABLE IF NOT EXISTS `vgbt_consoles` (
  `id` int(11) NOT NULL AUTO_INCREMENT,
  `name` varchar(32) CHARACTER SET utf8 NOT NULL,
  PRIMARY KEY (`id`)
) ENGINE=InnoDB  DEFAULT CHARSET=latin1 AUTO_INCREMENT=27 ;

--
-- Contenu de la table `vgbt_consoles`
--

INSERT INTO `vgbt_consoles` (`id`, `name`) VALUES
(1, 'Nes'),
(2, 'Super Nintendo'),
(3, 'Nintendo 64'),
(4, 'GameCube'),
(5, 'Wii'),
(6, 'Wii U'),
(7, 'Mega drive'),
(8, 'Dreamcast'),
(9, 'PlayStation'),
(10, 'PlayStation 2'),
(11, 'PlayStation 3'),
(12, 'PlayStation 4'),
(13, 'Xbox'),
(14, 'Xbox 360'),
(15, 'Xbox One'),
(16, 'Game Boy'),
(17, 'Game Boy Color'),
(18, 'Game Boy Advance'),
(19, 'Nintendo DS'),
(20, 'Nintendo 3DS'),
(21, 'PlayStation Portable'),
(22, 'PlayStation Vita'),
(23, 'Neo Geo'),
(24, 'PC Engine'),
(25, 'Saturn'),
(26, 'Game Gear');

-- --------------------------------------------------------

--
-- Structure de la table `vgbt_extracts`
--

CREATE TABLE IF NOT EXISTS `vgbt_extracts` (
  `id` int(11) NOT NULL AUTO_INCREMENT,
  `name` varchar(255) COLLATE utf8_bin NOT NULL,
  `game_id` int(11) NOT NULL,
  `composer_id` int(11) NOT NULL,
  `size` int(11) NOT NULL,
  `md5` varchar(32) COLLATE utf8_bin NOT NULL,
  `bitrate` int(11) NOT NULL,
  `sample_rate` int(11) NOT NULL,
  `encoding` varchar(128) COLLATE utf8_bin NOT NULL,
  `play_time` varchar(16) COLLATE utf8_bin NOT NULL,
  `date` datetime NOT NULL,
  PRIMARY KEY (`id`),
  UNIQUE KEY `md5` (`md5`),
  KEY `game_id` (`game_id`),
  KEY `composer_id` (`composer_id`)
) ENGINE=InnoDB  DEFAULT CHARSET=utf8 COLLATE=utf8_bin AUTO_INCREMENT=810 ;

--
-- Contenu de la table `vgbt_extracts`
--

INSERT INTO `vgbt_extracts` (`id`, `name`, `game_id`, `composer_id`, `size`, `md5`, `bitrate`, `sample_rate`, `encoding`, `play_time`, `date`) VALUES
(6, 'The Prelude', 1, 1, 840388, 'e441abe67f2000d0ad21eca4c5385cc6', 128000, 44100, 'UTF-8', '0:53', '2015-01-25 21:57:21'),
(7, 'Opening Theme', 1, 1, 1363673, '5c67ee4921563bb35a609d7a87ffbeb6', 128000, 44100, 'UTF-8', '1:25', '2015-01-25 21:57:21'),
(8, 'Cornelia Castle', 1, 1, 753452, 'd5dc55b649b87319ac7bf782acb58aea', 128000, 44100, 'UTF-8', '0:47', '2015-01-25 21:57:21'),
(9, 'Main Theme', 1, 1, 991271, '934081621aead1b727a7e2cc893675dc', 128000, 44100, 'UTF-8', '1:02', '2015-01-25 21:57:21'),
(10, 'Temple Of Chaos', 1, 1, 965776, 'ed9f41aa43c1059aef35d6d269e60774', 128000, 44100, 'UTF-8', '1:00', '2015-01-25 21:57:21'),
(11, 'Matoya''s Cave', 1, 1, 1165560, 'f6ef197de15dfdad2e5af5b56fe453e8', 128000, 44100, 'UTF-8', '1:13', '2015-01-25 21:57:21'),
(12, 'Town', 1, 1, 832447, 'fcdc80b1b30b8f005ccfd6d73a94507e', 128000, 44100, 'UTF-8', '0:52', '2015-01-25 21:57:21'),
(13, 'Shop', 1, 1, 957834, 'b570011805efd1113f3aaf987bdd457d', 128000, 44100, 'UTF-8', '1:00', '2015-01-25 21:57:21'),
(14, 'Ship', 1, 1, 770171, '9e35533f230afe81b223851bd8abe47f', 128000, 44100, 'UTF-8', '0:48', '2015-01-25 21:57:22'),
(15, 'Underwater Temple', 1, 1, 1396274, 'bc0b85e5989823476634815511b46e1f', 128000, 44100, 'UTF-8', '1:27', '2015-01-25 21:57:22'),
(16, 'Dungeon (The Marsh Cave)', 1, 1, 896812, '2ce3600474c9075ac40a67e19e14a820', 128000, 44100, 'UTF-8', '0:56', '2015-01-25 21:57:22'),
(17, 'Menu Screen', 1, 1, 648127, '069942f5ffb5ee2ad98a5b41372dfde4', 128000, 44100, 'UTF-8', '0:40', '2015-01-25 21:57:22'),
(18, 'Airship', 1, 1, 799846, '39730650c533717c336afa4801c6e352', 128000, 44100, 'UTF-8', '0:50', '2015-01-25 21:57:22'),
(19, 'Gurgu Volcano', 1, 1, 1163052, 'e8c06b1b7f80f6265ea5edb9c9b3b60a', 128000, 44100, 'UTF-8', '1:13', '2015-01-25 21:57:22'),
(20, 'The Floating Castle', 1, 1, 1176427, '18ce1126e5b6510aab95396da43cb59c', 128000, 44100, 'UTF-8', '1:14', '2015-01-25 21:57:22'),
(21, 'Battle, Scene I', 1, 1, 1534200, '810f7bf57fb5d5f61abc099418dc87f4', 128000, 44100, 'UTF-8', '1:36', '2015-01-25 21:57:22'),
(22, 'Victory Fanfare', 1, 1, 617616, 'c72789575802dc7ab047401bffd66799', 128000, 44100, 'UTF-8', '0:39', '2015-01-25 21:57:22'),
(23, 'Ending Theme', 1, 1, 1749031, 'e68f54125f7423a099f4eb914c560484', 128000, 44100, 'UTF-8', '1:49', '2015-01-25 21:57:22'),
(24, 'Sorrow', 1, 1, 836208, '2c227b96ae1b91011b78aec1c2f03e8d', 128000, 44100, 'UTF-8', '0:52', '2015-01-25 21:57:22'),
(25, 'Save Music', 1, 1, 117319, 'fc3236c3280658cbf5c7093116804a6f', 128000, 44100, 'UTF-8', '0:07', '2015-01-25 21:57:22'),
(26, 'The Prelude', 2, 1, 1105212, '7804cb61593ce7e70a14c4efd076730c', 192000, 44100, 'UTF-8', '0:46', '2015-01-25 22:56:54'),
(27, 'Battle, Scene I', 2, 1, 2122462, '9c6014d2ac8bc538fc5533e0708de311', 192000, 44100, 'UTF-8', '1:28', '2015-01-25 22:56:54'),
(28, 'Revification', 2, 1, 569356, '33bfe10331254afb088804a1f14ddd84', 192000, 44100, 'UTF-8', '0:24', '2015-01-25 22:56:54'),
(29, 'Reunion', 2, 1, 220048, 'da47d8185f6891ded4afdf3c9f47577f', 192000, 44100, 'UTF-8', '0:09', '2015-01-25 22:56:54'),
(30, 'The Rebel Army', 2, 1, 1781918, '5f8f9f0c57a9f4174f518b23ea62b6a2', 192000, 44100, 'UTF-8', '1:14', '2015-01-25 22:56:54'),
(31, 'Town', 2, 1, 2555654, '6319e1bdc835ff2af0a4e944e4ef75b2', 192000, 44100, 'UTF-8', '1:46', '2015-01-25 22:56:54'),
(32, 'Main Theme', 2, 1, 2054228, 'e42a80788b947487fa0cf4adedf4ef0b', 192000, 44100, 'UTF-8', '1:26', '2015-01-25 22:56:54'),
(33, 'Castle Pandemonium', 2, 1, 1536526, '2e08214766bb863b92d859db077cba96', 192000, 44100, 'UTF-8', '1:04', '2015-01-25 22:56:54'),
(34, 'The Empire Army', 2, 1, 2145624, '1c1c821da51338f0fc509c8270e02f2f', 192000, 44100, 'UTF-8', '1:29', '2015-01-25 22:56:54'),
(35, 'Chocobo', 2, 1, 578746, '5991d49fa7ebd6fd263b60c4019124a1', 192000, 44100, 'UTF-8', '0:24', '2015-01-25 22:56:54'),
(36, 'Magician''s Tower', 2, 1, 2052350, '799fb7e062abf44b6cc6de61abc1c4e1', 192000, 44100, 'UTF-8', '1:26', '2015-01-25 22:56:54'),
(37, 'Run!', 2, 1, 490480, '66ecd36da73eb29ed6625028eee89b77', 192000, 44100, 'UTF-8', '0:20', '2015-01-25 22:56:54'),
(38, 'Ancient Castle', 2, 1, 1215388, '2e7c465b911585ea8c06bfed5397f633', 192000, 44100, 'UTF-8', '0:51', '2015-01-25 22:56:54'),
(39, 'Dungeon', 2, 1, 2542508, '85922ebcafc6cbfa49cbde0b665f0463', 192000, 44100, 'UTF-8', '1:46', '2015-01-25 22:56:54'),
(40, 'The Emperor Revived', 2, 1, 648232, 'fc1b1d22e5522e7dffb03365ad942486', 192000, 44100, 'UTF-8', '0:27', '2015-01-25 22:56:55'),
(41, 'Battle, Scene II', 2, 1, 3120932, 'a4d05ca603521943096a644f20cd167c', 192000, 44100, 'UTF-8', '2:10', '2015-01-25 22:56:55'),
(42, 'Victory Fanfare', 2, 1, 943078, 'ac2820f705d77e19270cbb84a6c64ee7', 192000, 44100, 'UTF-8', '0:39', '2015-01-25 22:56:55'),
(43, 'Finale', 2, 1, 4545082, 'c5c12238285b87b0a43e495b11c3b4c8', 192000, 44100, 'UTF-8', '3:09', '2015-01-25 22:56:55'),
(44, 'Waltz', 2, 1, 975630, '250f8ae2efe87f9d983581ec10bb228c', 192000, 44100, 'UTF-8', '0:41', '2015-01-25 22:56:55'),
(45, 'The Queen''s Temptation', 2, 1, 685166, 'b3c2a7f6102f33e1569bdf30079321d7', 192000, 44100, 'UTF-8', '0:29', '2015-01-25 22:56:55'),
(46, 'Dead Music', 2, 1, 1179706, 'ca253c469ac247506a479dff2891363a', 192000, 44100, 'UTF-8', '0:49', '2015-01-25 22:56:55'),
(47, 'Fanfare', 2, 1, 158074, 'a8d7f27a4171c478ec6e26e35951b5be', 192000, 44100, 'UTF-8', '0:07', '2015-01-25 22:56:55'),
(48, 'Welcome To Our Group', 2, 1, 172472, '6ad7baf9db53bea44150b4abc4985517', 192000, 44100, 'UTF-8', '0:07', '2015-01-25 22:56:55'),
(49, 'The Prelude', 3, 1, 1164955, '2b1875fd2962b44886a3b64033bf79cc', 192000, 44100, 'UTF-8', '0:48', '2015-01-25 23:11:47'),
(50, 'Crystal Cave', 3, 1, 2417114, '918b451db4168e73545fae2d33a75e3c', 192000, 44100, 'UTF-8', '1:41', '2015-01-25 23:11:47'),
(51, 'Battle 1 / Fanfare', 3, 1, 2729488, '66881f10662e9155040d2d0b6e19ac47', 192000, 44100, 'UTF-8', '1:54', '2015-01-25 23:11:47'),
(52, 'Crystal Room', 3, 1, 699996, '7a61a5e5afc370a4a763e0ce849d284d', 192000, 44100, 'UTF-8', '0:29', '2015-01-25 23:11:47'),
(53, 'Opening Theme', 3, 1, 2085960, 'ac422924a54d91019ffa2bcaeda6996b', 192000, 44100, 'UTF-8', '1:27', '2015-01-25 23:11:47'),
(54, 'My Home Town', 3, 1, 2497868, '4b1ef8d0c382474be0afe3e5b1125f63', 192000, 44100, 'UTF-8', '1:44', '2015-01-25 23:11:47'),
(55, 'Eternal Wind', 3, 1, 3052504, 'b640d01d6548152fdb1da1323fc6d074', 192000, 44100, 'UTF-8', '2:07', '2015-01-25 23:11:47'),
(56, 'Jinn, The Fire', 3, 1, 1806764, '92853121a8f178da2a21a8e3bfa219a9', 192000, 44100, 'UTF-8', '1:15', '2015-01-25 23:11:48'),
(57, 'Dungeon', 3, 1, 1618338, '452e6334e18367f9ccb80a3856642694', 192000, 44100, 'UTF-8', '1:07', '2015-01-25 23:11:48'),
(58, 'Return Of The Warrior', 3, 1, 1518804, '7472ce32eaa90abda7b381ab935d0aff', 192000, 44100, 'UTF-8', '1:03', '2015-01-25 23:11:48'),
(59, 'The Way To The Top', 3, 1, 1007988, '0237247869a6aedf7ae4fb60d6182dc8', 192000, 44100, 'UTF-8', '0:42', '2015-01-25 23:11:48'),
(60, 'Cute Little Tozas', 3, 1, 1454952, 'ac27300ae3f7ecf77e6620b289eb8329', 192000, 44100, 'UTF-8', '1:01', '2015-01-25 23:11:48'),
(61, 'Shrine Of Nept', 3, 1, 1391100, '9b61d5d3f211e794202f986b5ce44703', 192000, 44100, 'UTF-8', '0:58', '2015-01-25 23:11:48'),
(62, 'Sailing Enterprise', 3, 1, 1495016, '2bfd83627c6a96c381635b9821d756d0', 192000, 44100, 'UTF-8', '1:02', '2015-01-25 23:11:48'),
(63, 'Living Forest', 3, 1, 1059946, '639b2dbe74c8c2578a99f22caa2f71ec', 192000, 44100, 'UTF-8', '0:44', '2015-01-25 23:11:48'),
(64, 'Time Remains', 3, 1, 2537306, '257a202819627a81da5c9d68d290a351', 192000, 44100, 'UTF-8', '1:46', '2015-01-25 23:11:48'),
(65, 'Chocobos!', 3, 1, 932242, 'c6dc3970a2955f933c80c2612fae0025', 192000, 44100, 'UTF-8', '0:39', '2015-01-25 23:11:48'),
(66, 'Big Chocobo!', 3, 1, 704378, '067628e41f10c0597caf334a55aa992a', 192000, 44100, 'UTF-8', '0:29', '2015-01-25 23:11:48'),
(67, 'Tower of Owen', 3, 1, 1567006, '2539d4d3641359b05623dbca0ffd491a', 192000, 44100, 'UTF-8', '1:05', '2015-01-25 23:11:48'),
(68, 'Vegies of Geasal', 3, 1, 1083108, '0aeb452928889ac9262033226c34ef20', 192000, 44100, 'UTF-8', '0:45', '2015-01-25 23:11:48'),
(69, 'Castle of Hain', 3, 1, 1986426, '70ce67ccdc6c09ed8c92102c0f4e99bc', 192000, 44100, 'UTF-8', '1:23', '2015-01-25 23:11:48'),
(70, 'Battle 2', 3, 1, 2397708, '4c1f8973fbcdd8cb9610a3aa0f30f9f8', 192000, 44100, 'UTF-8', '1:40', '2015-01-25 23:11:48'),
(71, 'The Requiem', 3, 1, 919722, '47e7f74091f6e4451b81bd12efb182f9', 192000, 44100, 'UTF-8', '0:38', '2015-01-25 23:11:48'),
(72, 'Go Above the Clouds!', 3, 1, 1071840, '0de423c2930608420a209cf81939eb9e', 192000, 44100, 'UTF-8', '0:45', '2015-01-25 23:11:48'),
(73, 'Boundless Ocean', 3, 1, 1890022, 'a7ea907c12f63aed93890953a690784d', 192000, 44100, 'UTF-8', '1:19', '2015-01-25 23:11:49'),
(74, 'Elia, The Maiden Of Water', 3, 1, 1962638, '55a48127a001e7c3b62bbcfbf8c9104b', 192000, 44100, 'UTF-8', '1:22', '2015-01-25 23:11:49'),
(75, 'Town of Water', 3, 1, 1606053, 'a1e5a62e8339f4ca7e51c5339b02c6e6', 192000, 44100, 'UTF-8', '1:07', '2015-01-25 23:11:49'),
(76, 'Let''s Play the Piano!', 3, 1, 274942, '361b81eeafb32e74416bc8b9a113bd26', 192000, 44100, 'UTF-8', '0:11', '2015-01-25 23:11:49'),
(77, 'Let''s Play the Piano Again!', 3, 1, 157880, '1a695ddc1f05931c1ea23457327c1531', 192000, 44100, 'UTF-8', '0:07', '2015-01-25 23:11:49'),
(78, 'Swift Twist', 3, 1, 932868, 'fc83f1dd99bca4dc8647d7d0c750d25e', 192000, 44100, 'UTF-8', '0:39', '2015-01-25 23:11:49'),
(79, 'Good Ol'' Fellows', 3, 1, 827308, '23ad9b5c7f514c921056c7b0608f45bd', 192000, 44100, 'UTF-8', '0:34', '2015-01-25 23:11:49'),
(80, 'In the Covert Town', 3, 1, 1469976, '91287d932ebd990bfd6547ac8fde0c9e', 192000, 44100, 'UTF-8', '1:01', '2015-01-25 23:11:49'),
(81, 'Salonia', 3, 1, 2417114, 'feeb415f96df2e07114bf6244f13b59d', 192000, 44100, 'UTF-8', '1:41', '2015-01-25 23:11:49'),
(82, 'Deep Under The Water', 3, 1, 2725106, '48013296672eaf882f1b21ae04519250', 192000, 44100, 'UTF-8', '1:54', '2015-01-25 23:11:49'),
(83, 'Beneath The Horizon', 3, 1, 2069293, 'dac3c6a6c558c613abae7e866de616e8', 192000, 44100, 'UTF-8', '1:26', '2015-01-25 23:11:49'),
(84, 'Let Me Know the Truth', 3, 1, 1342898, '12fb83c2d33f18ae4bc49ab37c94269d', 192000, 44100, 'UTF-8', '0:56', '2015-01-25 23:11:49'),
(85, 'Lute of Noah', 3, 1, 496546, 'c2ece3ec74aee7cacf629314c98aac0b', 192000, 44100, 'UTF-8', '0:21', '2015-01-25 23:11:49'),
(86, 'Good Morning!', 3, 1, 740060, '2d79c624559c56bbd4b11fa495098070', 192000, 44100, 'UTF-8', '0:31', '2015-01-25 23:11:50'),
(87, 'The Invincible', 3, 1, 2037367, '132dded023831efab897919146ea35cf', 192000, 44100, 'UTF-8', '1:25', '2015-01-25 23:11:50'),
(88, 'Forbidden Land', 3, 1, 1191406, '0369759dff5aa0876aedd97c917eb4ec', 192000, 44100, 'UTF-8', '0:50', '2015-01-25 23:11:50'),
(89, 'The Crystal Tower', 3, 1, 1794244, '4eab1879d050b68ed84e09d41b98870e', 192000, 44100, 'UTF-8', '1:15', '2015-01-25 23:11:50'),
(90, 'The Dark Crystals', 3, 1, 2481592, '278fae23d768c6392d933dd5bd1471b7', 192000, 44100, 'UTF-8', '1:43', '2015-01-25 23:11:50'),
(91, 'This Is the Last Battle', 3, 1, 3408072, '7008fcfaab38dc842efc7614fb7e1c4e', 192000, 44100, 'UTF-8', '2:22', '2015-01-25 23:11:50'),
(92, 'The Everlasting World', 3, 1, 9699998, 'fecf81ee6c52d989648f6f9613ce99bd', 192000, 44100, 'UTF-8', '6:44', '2015-01-25 23:11:50'),
(93, 'The Prelude', 4, 1, 1158842, '6bf8d219c30de9f5f8a1dca195d4722a', 128000, 44100, 'UTF-8', '1:12', '2015-01-25 23:33:38'),
(94, 'Red Wings', 4, 1, 2020859, '045b2f97f4deea06716db624a0ac6c66', 128000, 44100, 'UTF-8', '2:06', '2015-01-25 23:33:38'),
(95, 'Kingdom Baron', 4, 1, 1133949, 'b91910fe73eba85385aefb29b2cf7a16', 128000, 44100, 'UTF-8', '1:11', '2015-01-25 23:33:38'),
(96, 'Theme Of Love', 4, 1, 1758380, 'faba758df3cc4252cbfcff46508f35f1', 128000, 44100, 'UTF-8', '1:50', '2015-01-25 23:33:38'),
(97, 'Prologue', 4, 1, 1134367, '86fbb05f1e133443cacd2f6eec4d4b31', 128000, 44100, 'UTF-8', '1:11', '2015-01-25 23:33:38'),
(98, 'Welcome To Our Town', 4, 1, 785626, '56b8bb339377c86801b5eb16b694885e', 128000, 44100, 'UTF-8', '0:49', '2015-01-25 23:33:38'),
(99, 'Main Theme', 4, 1, 1370268, 'db8ba4e6abae048cd67c13df7bf3df72', 128000, 44100, 'UTF-8', '1:25', '2015-01-25 23:33:38'),
(100, 'Fight 1', 4, 1, 966604, '862327d0c874ca2364ed2f7aa4d99e0a', 128000, 44100, 'UTF-8', '1:00', '2015-01-25 23:33:38'),
(101, 'Fanfare', 4, 1, 416138, '3fcaaabf8bb3a646aeb19d591eb65bf2', 128000, 44100, 'UTF-8', '0:26', '2015-01-25 23:33:38'),
(102, 'Hello, Big Chocobo', 4, 1, 390728, '740b661c1a43592871b26bf832973968', 128000, 44100, 'UTF-8', '0:24', '2015-01-25 23:33:38'),
(103, 'Chocobo Chocobo', 4, 1, 489136, '5249b112cd9392034807ea6678f5b130', 128000, 44100, 'UTF-8', '0:30', '2015-01-25 23:33:38'),
(104, 'Into The Darkness', 4, 1, 1143006, 'fbe88e823f358bbb1f686f57ec37fe3a', 112000, 44100, 'UTF-8', '1:21', '2015-01-25 23:33:39'),
(105, 'Fight 2', 4, 1, 1026936, 'baa440a20eaf00e00f445a9e12448c6b', 112000, 44100, 'UTF-8', '1:13', '2015-01-25 23:33:39'),
(106, 'Ring Of Bomb', 4, 1, 740776, '8f94a867d60b58c42436d0af66ecd201', 112000, 44100, 'UTF-8', '0:53', '2015-01-25 23:33:39'),
(107, 'Rydia', 4, 1, 859766, 'c0d01244bee5384cb7f1b9cfbd8b7de5', 112000, 44100, 'UTF-8', '1:01', '2015-01-25 23:33:39'),
(108, 'Castle Damcyan', 4, 1, 889696, '1892f6b6d6ddb0e31fb257eaa79de06b', 112000, 44100, 'UTF-8', '1:03', '2015-01-25 23:33:39'),
(109, 'Cry In Sorrow', 4, 1, 861956, '3e13bbf80a2bf3d8935b7d3ec6369ee7', 112000, 44100, 'UTF-8', '1:01', '2015-01-25 23:33:39'),
(110, 'Melody Of Lute', 4, 1, 764136, '908daf5c76bc2b8bbb68747a901478df', 112000, 44100, 'UTF-8', '0:54', '2015-01-25 23:33:39'),
(111, 'Mt Ordeals', 4, 1, 1103951, '9f3944d5fd0d12eda52c0bcb2935a1f1', 112000, 44100, 'UTF-8', '1:19', '2015-01-25 23:33:39'),
(112, 'Fabul', 4, 1, 1336821, 'bdfbb66c522d6d3097863c189ec7ac4a', 112000, 44100, 'UTF-8', '1:35', '2015-01-25 23:33:39'),
(113, 'Run ', 4, 1, 351686, 'da24690e994f5718e907395043fcade0', 112000, 44100, 'UTF-8', '0:25', '2015-01-25 23:33:39'),
(114, 'Suspicion', 4, 1, 526521, '14ceccfe4b1ba4f6496e6f29ce967fd9', 112000, 44100, 'UTF-8', '0:37', '2015-01-25 23:33:39'),
(115, 'Golbeza Clad In The Dark', 4, 1, 850276, '0b9404968ef588c1d94c4faf2fa832d2', 112000, 44100, 'UTF-8', '1:00', '2015-01-25 23:33:39'),
(116, 'Hey, Cid ', 4, 1, 784941, '1db06ba6c36dbd0c862682722c67d6f9', 112000, 44100, 'UTF-8', '0:56', '2015-01-25 23:33:39'),
(117, 'Mystic Mysidia', 4, 1, 1120376, 'beaf60383a8eafc0d2c078131e121f50', 112000, 44100, 'UTF-8', '1:20', '2015-01-25 23:33:39'),
(118, 'Long Way To Go', 4, 1, 642956, '760df7d75511cfcd54ba323608192c1a', 112000, 44100, 'UTF-8', '0:46', '2015-01-25 23:33:40'),
(119, 'Palom & Porom', 4, 1, 523966, '8e8082d99727401c48d5546f5bed6a27', 112000, 44100, 'UTF-8', '0:37', '2015-01-25 23:33:40'),
(120, 'The Dreadful Fight', 4, 1, 1390476, '58003fc80ca9032d20946754ac7b06c7', 112000, 44100, 'UTF-8', '1:39', '2015-01-25 23:33:40'),
(121, 'The Airship', 4, 1, 779831, 'a7dbd5c863149b3f4c3ef592a49d10af', 112000, 44100, 'UTF-8', '0:55', '2015-01-25 23:33:40'),
(122, 'Trojain Beauty', 4, 1, 1170016, '16f0635061e096411dea69ee4795324b', 112000, 44100, 'UTF-8', '1:23', '2015-01-25 23:33:40'),
(123, 'Samba De Chocobo ', 4, 1, 637846, 'ef37e2b6de7322afa81a64878971f659', 112000, 44100, 'UTF-8', '0:45', '2015-01-25 23:33:40'),
(124, 'Tower Of Bab Il', 4, 1, 1276231, 'd8e122d053f0bfc945b11d949d79d802', 112000, 44100, 'UTF-8', '1:31', '2015-01-25 23:33:40'),
(125, 'Somewhere In The World', 4, 1, 475421, 'ddf7795213f6eced773e3561163c523a', 112000, 44100, 'UTF-8', '0:34', '2015-01-25 23:33:40'),
(126, 'Land Of Dwarves', 4, 1, 733294, 'a0d4caf37c4ed401e730ce1b11a0cf99', 112000, 44100, 'UTF-8', '0:52', '2015-01-25 23:33:40'),
(127, 'Giotto, The Great King', 4, 1, 806476, '2c972acb326aa01d2d1b2c568e0dba70', 112000, 44100, 'UTF-8', '0:57', '2015-01-25 23:33:40'),
(128, 'Dancing Calcobrena', 4, 1, 463376, '3af0d2877050ea454f9cdb848ec431f0', 112000, 44100, 'UTF-8', '0:33', '2015-01-25 23:33:40'),
(129, 'Tower Of Zot', 4, 1, 915611, '0780c4d8de8ae6349581b7e433b36381', 112000, 44100, 'UTF-8', '1:05', '2015-01-25 23:33:40'),
(130, 'Illusionary World', 4, 1, 1043361, 'dc3ffad79a665d13e52e6d5ac7eb3816', 112000, 44100, 'UTF-8', '1:14', '2015-01-25 23:33:41'),
(131, 'The Big Whale', 4, 1, 959776, 'b631c1587d5d9848028979d5e5521707', 112000, 44100, 'UTF-8', '1:08', '2015-01-25 23:33:41'),
(132, 'Another Moon', 4, 1, 938606, '7e5b2d5d2a289e5515eb5060d5a05538', 112000, 44100, 'UTF-8', '1:07', '2015-01-25 23:33:41'),
(133, 'The Lunarians', 4, 1, 1069276, '5435abe9a363ec72376635bd131d72b8', 112000, 44100, 'UTF-8', '1:16', '2015-01-25 23:33:41'),
(134, 'Within The Giant', 4, 1, 1222211, '2ae938773022f9bcd366c05cb0eb60db', 112000, 44100, 'UTF-8', '1:27', '2015-01-25 23:33:41'),
(135, 'The Final Battle', 4, 1, 1842302, '9c932badd51b1d99307cd98cfbc1f993', 128000, 44100, 'UTF-8', '1:55', '2015-01-25 23:33:41'),
(136, 'Epilogue', 4, 1, 8001646, '565b7ed468d0d200b5c385316f84b628', 112000, 44100, 'UTF-8', '9:31', '2015-01-25 23:33:41'),
(137, 'Ahead on Our Way', 5, 1, 3777305, '7b99813cf855c4cd3c878c7154b70ad3', 192000, 44100, 'UTF-8', '2:37', '2015-01-26 00:01:53'),
(138, 'A Presentiment', 5, 1, 4290435, 'd33a0a269daa740e3c6acbf57477ae1a', 128000, 44100, 'UTF-8', '4:28', '2015-01-26 00:01:53'),
(139, 'Four Valiant Hearts', 5, 1, 2500112, 'bbe7039cb3112b6e6e0731e7f0ed36b7', 192000, 44100, 'UTF-8', '1:44', '2015-01-26 00:01:53'),
(140, 'Hurry! Hurry!', 5, 1, 672579, '5060b88db478583af15fd0d66262bcee', 128000, 44100, 'UTF-8', '0:42', '2015-01-26 00:01:53'),
(141, 'Lenna''s Theme', 5, 1, 1890512, 'b2bf84db837c178b97f7d56dbdb5a173', 128000, 44100, 'UTF-8', '1:58', '2015-01-26 00:01:53'),
(142, 'Fate in Haze', 5, 1, 3579970, 'fb4932a78abf205ae9a01e29f6b19692', 192000, 44100, 'UTF-8', '2:29', '2015-01-26 00:01:53'),
(143, 'The Battle', 5, 1, 1181232, '3a82cdd40b9c46108237187ab59f0028', 128000, 44100, 'UTF-8', '1:14', '2015-01-26 00:01:53'),
(144, 'Victory''s Fanfare', 5, 1, 685122, '6a5b77e8cb5bbca47670f2fc861b3f8d', 128000, 44100, 'UTF-8', '0:43', '2015-01-26 00:01:53'),
(145, 'Requiem', 5, 1, 395884, '81112d008102e5c6a67f2028ea5f4329', 128000, 44100, 'UTF-8', '0:25', '2015-01-26 00:01:53'),
(146, 'Pirate''s Ahoy!', 5, 1, 3067611, '31551e1e41ba94322030b00e48e23476', 192000, 44100, 'UTF-8', '2:08', '2015-01-26 00:01:53'),
(147, 'Tenderness in the Air', 5, 1, 2200646, 'b3f85798ec842369eb4fb31d38169d61', 128000, 44100, 'UTF-8', '2:17', '2015-01-26 00:01:53'),
(148, 'Good Night!', 5, 1, 118784, '7c01d978269492708e33b8df72c644f6', 128000, 44100, 'UTF-8', '0:07', '2015-01-26 00:01:54'),
(149, 'Sealed Away', 5, 1, 1705772, 'd3e222e7c06ffcd7669188663e2b5af8', 128000, 44100, 'UTF-8', '1:47', '2015-01-26 00:01:54'),
(150, 'Cursed Earth', 5, 1, 1809009, '65cd374dc5748926acef8bac61285fb9', 128000, 44100, 'UTF-8', '1:53', '2015-01-26 00:01:54'),
(151, 'Deception', 5, 1, 1181649, 'a4921b6c4f7e891c6fada1c2c5fa4fb3', 128000, 44100, 'UTF-8', '1:14', '2015-01-26 00:01:54'),
(152, 'Harvest', 5, 1, 1668988, '33078715623264088976b5dc8f7a0eb7', 128000, 44100, 'UTF-8', '1:44', '2015-01-26 00:01:54'),
(153, 'Walking the Snowy Mountains', 5, 1, 1823650, '424436c52c441cc6cc82db0cff6d75a6', 128000, 44100, 'UTF-8', '1:54', '2015-01-26 00:01:54'),
(154, 'Danger!', 5, 1, 1958626, '798cf47cb9ef0d38615802333b78aa3a', 192000, 44100, 'UTF-8', '1:22', '2015-01-26 00:01:54'),
(155, 'The Fierce Battle', 5, 1, 3601642, 'bd9ff840176743b5e0b2ff72219f818f', 192000, 44100, 'UTF-8', '2:30', '2015-01-26 00:01:54'),
(156, 'The Dragon Spreads its Wings', 5, 1, 1738386, '196f749ef313498c6243192e938ac3e0', 128000, 44100, 'UTF-8', '1:49', '2015-01-26 00:01:54'),
(157, 'Royal Palace', 5, 1, 1602537, '88ebe13b22e997c0f1f095eb9ceff5e2', 128000, 44100, 'UTF-8', '1:40', '2015-01-26 00:01:54'),
(158, 'The Fire Powered Ship', 5, 1, 1555317, '72a8f2b7bf06f492b7949413d94e31a6', 128000, 44100, 'UTF-8', '1:37', '2015-01-26 00:01:54'),
(159, 'Run!', 5, 1, 834320, '91f1add1de4cd8a09e0e8d51602f8a48', 128000, 44100, 'UTF-8', '0:52', '2015-01-26 00:01:54'),
(160, 'Nostalgia', 5, 1, 2438870, 'fa2fc66787cde91c3ad6017e905b4b8d', 128000, 44100, 'UTF-8', '2:32', '2015-01-26 00:01:54'),
(161, 'The Ancient Library', 5, 1, 2466466, '3da95be5e680e366a86adb0ffcff90b3', 128000, 44100, 'UTF-8', '2:34', '2015-01-26 00:01:55'),
(162, 'Reminiscence', 5, 1, 1538589, 'fdf4e30ae0f69d71f607f6733c3941a4', 128000, 44100, 'UTF-8', '1:36', '2015-01-26 00:01:55'),
(163, 'Musica Machina', 5, 1, 1689893, '8b85dd76e88e90eb7b5c6b6a2944c50e', 128000, 44100, 'UTF-8', '1:46', '2015-01-26 00:01:55'),
(164, 'The Day Will Come', 5, 1, 1818655, 'e3b157d6a26c2cd2ab2d327156522c01', 128000, 32000, 'UTF-8', '1:54', '2015-01-26 00:01:55'),
(165, 'What?', 5, 1, 855218, 'f00507b5edde470846eb534ab112887c', 128000, 44100, 'UTF-8', '0:53', '2015-01-26 00:01:55'),
(166, 'Mambo De Chocobo', 5, 1, 1170654, 'e73e3ac36df4475cbaf48106aab3e4fa', 128000, 32000, 'UTF-8', '1:13', '2015-01-26 00:01:55'),
(167, 'My Home, Sweet Home', 5, 1, 3893797, '310d919e87b091cbe2305cebf8b30d9c', 192000, 44100, 'UTF-8', '2:42', '2015-01-26 00:01:55'),
(168, 'Music Box', 5, 1, 1775616, '169b5eefd40f6416a4442cc51dfa3bd0', 128000, 44100, 'UTF-8', '1:51', '2015-01-26 00:01:55'),
(169, 'The Airship', 5, 1, 1975321, '5e11f3467b01f30f13fa0ac6e94170bc', 128000, 32000, 'UTF-8', '2:03', '2015-01-26 00:01:55'),
(170, 'The Evil Lord Exdeath', 5, 1, 2312291, '6810d2b51e0a15b0ca52513933f40e53', 128000, 32000, 'UTF-8', '2:24', '2015-01-26 00:01:55'),
(171, 'Exdeath''s Castle', 5, 1, 2237249, '4edd5c893228eb31168cdeb83665d99c', 128000, 44100, 'UTF-8', '2:20', '2015-01-26 00:25:45'),
(172, 'The Four Warrirors of Dawn', 5, 1, 2130014, '2921830b8e4293573eb354f9d42f543a', 128000, 44100, 'UTF-8', '2:13', '2015-01-26 00:25:45'),
(173, 'Battle With Gilgamesh', 5, 1, 2351098, '8e71f7d1a392fc5519edb6e3195f0ca6', 128000, 44100, 'UTF-8', '2:27', '2015-01-26 00:25:45'),
(174, 'Unknown Lands', 5, 1, 2209416, 'bc4bf5a0818e9951809d45a0ca93722e', 128000, 44100, 'UTF-8', '2:18', '2015-01-26 00:25:45'),
(175, 'Critter Tripper Fritter!?', 5, 1, 1354281, '07ad71afcbd175bd9f4fb8092cb62d47', 128000, 44100, 'UTF-8', '1:25', '2015-01-26 00:25:45'),
(176, 'The Castle Of Dawn', 5, 1, 1907654, 'd43e70999431af397a9fbb673abd1106', 128000, 44100, 'UTF-8', '1:59', '2015-01-26 00:25:45'),
(177, 'Beyond the Deep Blue Seas', 5, 1, 1637240, 'c701760a9f924ebc7a39427c59bceb89', 128000, 44100, 'UTF-8', '1:42', '2015-01-26 00:25:45'),
(178, 'As I Feel, You Feel', 5, 1, 2442643, 'f5d8f4624a784bf93bd4926e53f9bbdb', 128000, 44100, 'UTF-8', '2:33', '2015-01-26 00:25:46'),
(179, 'Waltz Clavier', 5, 1, 3836342, '7c91e8a718dc929786bc2fea3623c06b', 224043, 44100, 'UTF-8', '2:17', '2015-01-26 00:25:46'),
(180, 'Go Go Boco!', 5, 1, 1171203, 'd21e6f7dc4bc9e93ec0b6cec0df46c62', 128000, 44100, 'UTF-8', '1:13', '2015-01-26 00:25:46'),
(181, 'The Land Unknown', 5, 1, 2161951, '7fd0db389361c866df068b3155e91d15', 128000, 32000, 'UTF-8', '2:15', '2015-01-26 00:25:46'),
(182, 'The Book Of Sealings', 5, 1, 1668584, '9311e75ea2d849f351bcceaae42e0054', 128000, 44100, 'UTF-8', '1:44', '2015-01-26 00:25:46'),
(183, 'Intention of the Earth', 5, 1, 2300540, 'ac44d37c28a76db63e25d0db5563d8f6', 128000, 44100, 'UTF-8', '2:24', '2015-01-26 00:25:46'),
(184, 'The Prelude of Empty Skies', 5, 1, 3794746, '1f1edd1f62a281309edc1f654d9de0bc', 128000, 44100, 'UTF-8', '3:57', '2015-01-26 00:25:46'),
(185, 'Searching The Light', 5, 1, 1609651, 'dfa9fffc3d49c6f13315eee06ea0afc1', 128000, 44100, 'UTF-8', '1:40', '2015-01-26 00:25:46'),
(186, 'The Decisive Battle', 5, 1, 4210611, 'd97b01ea54452147c98ecf6d31b73527', 128000, 44100, 'UTF-8', '4:23', '2015-01-26 00:25:46'),
(187, 'The Last Battle', 5, 1, 6843245, '57ecc39c134b72da7b889971ca5b8b56', 224024, 44100, 'UTF-8', '4:04', '2015-01-26 00:25:46'),
(188, 'The Silent Beyond', 5, 1, 5386328, '2f10a6dcf6a9ef90282f44b0e6eadfe8', 128000, 44100, 'UTF-8', '5:37', '2015-01-26 00:25:46'),
(189, 'Dear Friends', 5, 1, 3775145, '951bb989cb11122f0bb42570997341ae', 128000, 44100, 'UTF-8', '3:56', '2015-01-26 00:25:46'),
(190, 'Final Fantasy', 5, 1, 3409666, '68374a186f5ddbad8e841fe48d63c459', 128000, 44100, 'UTF-8', '3:33', '2015-01-26 00:25:47'),
(191, 'The New Origin', 5, 1, 7890317, '00c9aa17fdc3fff204a1219de92b85bd', 128000, 44100, 'UTF-8', '8:13', '2015-01-26 00:25:47'),
(192, 'The Prelude', 5, 1, 2407472, 'b96d559b4961cc541db18da3bf0f8cad', 192000, 44100, 'UTF-8', '1:40', '2015-01-26 00:25:47'),
(193, 'Fanfare 1', 5, 1, 140932, 'fadf4b834bd4b0079048a7eab61b4964', 128000, 44100, 'UTF-8', '0:09', '2015-01-26 00:25:47'),
(194, 'Fanfare 2', 5, 1, 154307, '3f78c9b25e512c88d11a32cb59d6f0f2', 128000, 44100, 'UTF-8', '0:10', '2015-01-26 00:25:47'),
(195, 'I''m a Dancer', 5, 1, 273428, '01f4dae3bbb5b0ce6f57714f4dea0e8b', 128000, 44100, 'UTF-8', '0:17', '2015-01-26 00:25:47'),
(196, 'Piano Lesson 1', 5, 1, 180643, '9c0402dd183f879f3a1614cf0ca71faf', 128000, 44100, 'UTF-8', '0:11', '2015-01-26 00:25:47'),
(197, 'Piano Lesson 2', 5, 1, 329019, '915a28b1961eafd8307ba154bb7a0252', 192000, 44100, 'UTF-8', '0:14', '2015-01-26 00:25:47'),
(198, 'Piano Lesson 3', 5, 1, 323377, 'b1541f020f4d3174d1a68814ac5b8f98', 192000, 44100, 'UTF-8', '0:13', '2015-01-26 00:25:47'),
(199, 'Piano Lesson 4', 5, 1, 426821, '5820915d63f991cb0c7fb47370e2f5bb', 128000, 44100, 'UTF-8', '0:27', '2015-01-26 00:25:47'),
(200, 'Piano Lesson 5', 5, 1, 216797, 'c60c8b7bc9b3ed5b182e8f378eb2c467', 192000, 44100, 'UTF-8', '0:09', '2015-01-26 00:25:47'),
(201, 'Piano Lesson 6', 5, 1, 198720, '973b775d59ce591efba487088f2468be', 160000, 44100, 'UTF-8', '0:10', '2015-01-26 00:25:47'),
(202, 'Piano Lesson 7', 5, 1, 201124, 'a0b0d179a75f482afe0032c7e6183fee', 192000, 44100, 'UTF-8', '0:08', '2015-01-26 00:25:47'),
(203, 'Piano Lesson 8', 5, 1, 199451, '010ea28e6bd519da68c204d3e93e73f6', 128000, 44100, 'UTF-8', '0:12', '2015-01-26 00:25:48'),
(204, 'Opening Theme', 6, 1, 4091552, '61acdceaeb4d296a162acd2ff52d27aa', 128000, 44100, 'UTF-8', '4:16', '2015-01-26 01:20:18'),
(205, 'The Mines of Narshe', 6, 1, 2703776, '2e2d1e20833d051534720f820f1f360d', 128000, 44100, 'UTF-8', '2:49', '2015-01-26 01:20:18'),
(206, 'Awakening', 6, 1, 1624997, '88fcb8e2126e8ceaf9e03999047d92c6', 128000, 44100, 'UTF-8', '1:41', '2015-01-26 01:20:18'),
(207, 'Locke', 6, 1, 1939415, '83f116e17f91423443e54cc0fb9944fe', 128000, 44100, 'UTF-8', '2:01', '2015-01-26 01:20:18'),
(208, 'Battle Theme', 6, 1, 1913144, '12ef362279834b2b8631394da1eaae21', 128000, 44100, 'UTF-8', '1:59', '2015-01-26 01:20:19'),
(209, 'Fanfare', 6, 1, 640877, 'e72b2d74d2fc6ab9a4d81590fb9ddb6d', 128000, 44100, 'UTF-8', '0:40', '2015-01-26 01:20:19'),
(210, 'Edgar and Mash', 6, 1, 2445236, '6df4eb252c59ecd0050b1b32d83714d3', 128000, 44100, 'UTF-8', '2:33', '2015-01-26 01:20:19'),
(211, 'Kefka', 6, 1, 2616623, '6e6465faba8c96850e4847bfe0fa0913', 128000, 44100, 'UTF-8', '2:43', '2015-01-26 01:20:19'),
(212, 'Mt. Koltz', 6, 1, 2401868, '3c9d69ea43b67965940f8e02d2dfb80a', 128000, 44100, 'UTF-8', '2:30', '2015-01-26 01:20:19'),
(213, 'Returners', 6, 1, 2594939, 'a8183221c1f6e5f98b998654b43395f7', 128000, 44100, 'UTF-8', '2:42', '2015-01-26 01:20:19'),
(214, 'Shadow', 6, 1, 1813898, '0c319c08c9522c997b48daa1e7f24360', 128000, 44100, 'UTF-8', '1:53', '2015-01-26 01:20:19'),
(215, 'Troops March On', 6, 1, 1871861, '94e140c5f0c1a04c39a90ffefc7bcae2', 128000, 44100, 'UTF-8', '1:57', '2015-01-26 01:20:19'),
(216, 'Cayenne', 6, 1, 2265509, 'ebdb267a067c614da44fa296fdd31d18', 128000, 44100, 'UTF-8', '2:22', '2015-01-26 01:20:19'),
(217, 'The Unforgiven', 6, 1, 1334765, '1e2f23456aa67cbae0773523dad393f0', 128000, 44100, 'UTF-8', '1:23', '2015-01-26 01:20:19'),
(218, 'The Phantom Forest', 6, 1, 3164561, '03dc282664bed2baa40975e740abb988', 128000, 44100, 'UTF-8', '3:18', '2015-01-26 01:20:20'),
(219, 'Phantom Train', 6, 1, 2706278, '99dc77de589484be220ed2687c9c84bc', 128000, 44100, 'UTF-8', '2:49', '2015-01-26 01:20:20'),
(220, 'Wild West', 6, 1, 2201291, 'e47956ca369ee21a03cb0de7bde4d33d', 128000, 44100, 'UTF-8', '2:18', '2015-01-26 01:20:20'),
(221, 'Gau', 6, 1, 1766360, '671e93e13ba77e73d55544f3046ca598', 128000, 44100, 'UTF-8', '1:50', '2015-01-26 01:20:20'),
(222, 'The Serpent Trench', 6, 1, 2032406, 'a6e543b43576b4eeeaf8c694d731f3e4', 128000, 44100, 'UTF-8', '2:07', '2015-01-26 01:20:20'),
(223, 'Kids run through the City', 6, 1, 2599526, '069bd94deac45ccd7f9a2b2b56cea60e', 128000, 44100, 'UTF-8', '2:42', '2015-01-26 01:20:20'),
(224, 'Under Martial Law', 6, 1, 2339318, '71da6a2fffd8303c47ecf6c1b3e58baf', 128000, 44100, 'UTF-8', '2:26', '2015-01-26 01:20:20'),
(225, 'Celes', 6, 1, 2818034, '654eb49e66b9ce175f01545d99c5d280', 128000, 44100, 'UTF-8', '2:56', '2015-01-26 01:20:20'),
(226, 'Save Them', 6, 1, 1877282, '78408d4403fe096ac5918d1c0a29c585', 128000, 44100, 'UTF-8', '1:57', '2015-01-26 01:20:21'),
(227, 'The Decisive Battle', 6, 1, 1910225, '52e30171e6bc43e729099d4dae7046e2', 128000, 44100, 'UTF-8', '1:59', '2015-01-26 01:20:21'),
(228, 'Metamorphosis', 6, 1, 1370210, '22f22c5e2ad509aacc7bc75d59e6e342', 128000, 44100, 'UTF-8', '1:26', '2015-01-26 01:20:21'),
(229, 'Tina', 6, 1, 3684977, '36b76a0849d74bc9b412f50e9fd29b8f', 128000, 44100, 'UTF-8', '3:50', '2015-01-26 01:20:46'),
(230, 'Coin Song', 6, 1, 3116606, '10d5877bae66ed6b22509ddb57fa2848', 128000, 44100, 'UTF-8', '3:15', '2015-01-26 01:20:46'),
(231, 'Techno de Chocobo', 6, 1, 1525751, '2d17f12b4d890ec582f3b729a62bea61', 128000, 44100, 'UTF-8', '1:35', '2015-01-26 01:20:46'),
(232, 'Forever Rachel', 6, 1, 2750480, 'bd6c88b0b310c54ba6b0619e69b64107', 128000, 44100, 'UTF-8', '2:52', '2015-01-26 01:20:46'),
(233, 'Slam Shuffle', 6, 1, 2244659, 'a1f22d1c7bf4ac5e0f07ee187ec06a05', 128000, 44100, 'UTF-8', '2:20', '2015-01-26 01:20:46'),
(234, 'Spinach Rag', 6, 1, 2144162, 'b9b4cb5d829e0950ace132bdf5a2f876', 128000, 44100, 'UTF-8', '2:14', '2015-01-26 01:20:46'),
(235, 'Overture', 6, 1, 4577357, '9edfec8a3ea300775489e4bb0cd55d96', 128000, 44100, 'UTF-8', '4:46', '2015-01-26 01:20:46'),
(236, 'Aria di Mezzo Carattere', 6, 1, 3764624, 'e52ff348aa47d1ce395832a67bdaa12e', 128000, 44100, 'UTF-8', '3:55', '2015-01-26 01:20:46'),
(237, 'The Wedding', 6, 1, 3856781, '25ebc5a30460a3abed1082d6c80aac00', 128000, 44100, 'UTF-8', '4:01', '2015-01-26 01:20:47'),
(238, 'Grand Finale', 6, 1, 3111602, 'd2c29d3f081322202fb71d7b237a0a2c', 128000, 44100, 'UTF-8', '3:14', '2015-01-26 01:20:47'),
(239, 'Setzer', 6, 1, 1845590, '50f0b502f645a465e4d12a5b8f875802', 128000, 44100, 'UTF-8', '1:55', '2015-01-26 01:20:47'),
(240, 'Johnny C. Bad', 6, 1, 2795099, 'a64fafea37efac40452230e1fbf2e069', 128000, 44100, 'UTF-8', '2:55', '2015-01-26 01:20:47'),
(241, 'The Empire ''Gestahl''', 6, 1, 3059060, 'da97eeff32797a58a6c5cf9b7984d9a0', 128000, 44100, 'UTF-8', '3:11', '2015-01-26 01:20:47'),
(242, 'Devil''s Lab', 6, 1, 2433560, '9a1c54acc731e55de7bbc372e6daf0b2', 128000, 44100, 'UTF-8', '2:32', '2015-01-26 01:20:47'),
(243, 'Blackjack', 6, 1, 2950640, 'ebecfa7c1ee348fee0b220245ffb57a2', 128000, 44100, 'UTF-8', '3:04', '2015-01-26 01:20:47'),
(244, '??', 6, 1, 1084148, '2eff2473b2749dda3c41d151a2e41866', 128000, 44100, 'UTF-8', '1:08', '2015-01-26 01:20:48'),
(245, 'Mog', 6, 1, 1841003, '9db7c901947ac44ed7667dbe12b629d1', 128000, 44100, 'UTF-8', '1:55', '2015-01-26 01:20:48'),
(246, 'Stragus', 6, 1, 2389358, '645da343c06f38d97be2fa290d47cda1', 128000, 44100, 'UTF-8', '2:29', '2015-01-26 01:20:48'),
(247, 'Relm', 6, 1, 2791763, 'adbf1fbfae00373b2ff0e0e5e1cdb9e3', 128000, 44100, 'UTF-8', '2:54', '2015-01-26 01:20:48'),
(248, 'Another World of Beasts', 6, 1, 2529053, 'faa42d34169f1b2e3222c844375c5ec1', 128000, 44100, 'UTF-8', '2:38', '2015-01-26 01:20:48'),
(249, 'New Continent', 6, 1, 2364295, 'a4e1b18da6b3c9aeb8f7e6b165a54320', 128000, 44100, 'UTF-8', '2:28', '2015-01-26 01:21:18'),
(250, 'Catastrophe', 6, 1, 2164553, 'f9776f792d09079c767917b5fae282a0', 128000, 44100, 'UTF-8', '2:15', '2015-01-26 01:21:18'),
(251, 'The Fierce Battle', 6, 1, 2477289, 'e2a4d6911558316800fd0271c3b6bf6a', 128000, 44100, 'UTF-8', '2:35', '2015-01-26 01:21:18'),
(252, 'Rest in Peace', 6, 1, 469039, '12f616bcba4050d295f50dc5ac4cdb63', 128000, 44100, 'UTF-8', '0:29', '2015-01-26 01:21:18'),
(253, 'Dark World', 6, 1, 2941831, '8961bd1265a5386cce9b16eaab38a710', 128000, 44100, 'UTF-8', '3:04', '2015-01-26 01:21:19'),
(254, 'The Day After', 6, 1, 2152865, '73b6be6121e7f295564b016cc3ecc3ca', 128000, 44100, 'UTF-8', '2:14', '2015-01-26 01:21:19'),
(255, 'Searching for Friends', 6, 1, 2817973, '1d909b2dfe5f93f970406fa1f78d88ef', 128000, 44100, 'UTF-8', '2:56', '2015-01-26 01:21:19'),
(256, 'Gogo', 6, 1, 2081961, 'a6f7e518a7291ac129855c5dd9cf8b87', 128000, 44100, 'UTF-8', '2:10', '2015-01-26 01:21:19'),
(257, 'Epitaph', 6, 1, 2722491, '6fcc878627d7bb9b442692dff7e839ad', 128000, 44100, 'UTF-8', '2:50', '2015-01-26 01:21:19'),
(258, 'The Magic House', 6, 1, 2441845, '644d46870fa0275ee37910907b3494c2', 128000, 44100, 'UTF-8', '2:33', '2015-01-26 01:21:19'),
(259, 'Umaro', 6, 1, 1833689, '90a95de5f57e6660cedbc99b57815ebe', 128000, 44100, 'UTF-8', '1:55', '2015-01-26 01:21:19'),
(260, 'Fanatics', 6, 1, 1727351, 'ba1a3c9a5ea4b2bb98df40f0c00594f2', 128000, 44100, 'UTF-8', '1:48', '2015-01-26 01:21:19'),
(261, 'Last Dungeon', 6, 1, 2706633, '36cbe5e90cb440fbb7df20e25acd30c8', 128000, 44100, 'UTF-8', '2:49', '2015-01-26 01:21:19'),
(262, 'Dancing Mad', 6, 1, 16888399, '8b1c696d335104e1a5dce38623253ba7', 128000, 44100, 'UTF-8', '17:35', '2015-01-26 01:21:19'),
(263, 'Ending Theme', 6, 1, 20637655, '406c0fbe9aed59541dc9e4aef76c4d1a', 128000, 44100, 'UTF-8', '21:30', '2015-01-26 01:21:20'),
(264, 'The Prelude', 6, 1, 2265775, '65ddb5cffabdbbb7293d891436ee874e', 128000, 44100, 'UTF-8', '2:22', '2015-01-26 01:21:20'),
(265, 'Prelude', 7, 1, 2728463, 'c162fd71bfb7c00501df402532e3b838', 128000, 44100, 'UTF-8', '2:50', '2015-01-27 16:28:27'),
(266, 'Bombing Mission', 7, 1, 3790498, '27a4ef09cc5b7da82bde03cd50ae4168', 128000, 44100, 'UTF-8', '3:57', '2015-01-27 16:28:27'),
(267, 'Mako Reactor', 7, 1, 3180277, '0d564ede52d80de9dd42c026cff10d12', 128000, 44100, 'UTF-8', '3:19', '2015-01-27 16:28:27'),
(268, 'Anxious Heart', 7, 1, 3856535, 'f0cfd60b636f46dc1639af228190d7ae', 128000, 44100, 'UTF-8', '4:01', '2015-01-27 16:28:27'),
(269, 'Tifa''s Theme', 7, 1, 4873114, '1721fffa3e3e5611e2646da7ef3361e8', 128000, 44100, 'UTF-8', '5:05', '2015-01-27 16:28:27'),
(270, 'Barret''s Theme', 7, 1, 3298560, '8d9fa13129f0c1fa5eb38c3b12cea814', 128000, 44100, 'UTF-8', '3:26', '2015-01-27 16:28:28'),
(271, 'Hurry!', 7, 1, 2373616, '2592bc80017e5bf96870dca1c5ea66fd', 128000, 44100, 'UTF-8', '2:28', '2015-01-27 16:28:28'),
(272, 'Lurking in the Darkness', 7, 1, 2436728, 'b5686e922b205fa9030df79fd02c6f56', 128000, 44100, 'UTF-8', '2:32', '2015-01-27 16:28:28'),
(273, 'The Shinra Corporation', 7, 1, 3862488, 'fcd6730bd9f4fb233f35aa0ccfe8c56b', 128000, 44100, 'UTF-8', '4:01', '2015-01-27 16:28:28'),
(274, 'Fighting', 7, 1, 1151503, 'bd47cb33b4ec0daa95ca8fe9124e862e', 128000, 44100, 'UTF-8', '1:12', '2015-01-27 16:28:28'),
(275, 'Victory Fanfare', 7, 1, 860186, 'd5cde7b569ff1a5ffbfd9e8ae35c1ba8', 128000, 44100, 'UTF-8', '0:53', '2015-01-27 16:28:28'),
(276, 'Flowers Blooming in the Church', 7, 1, 4778971, '756ab90eb3666b8176a43aec79acb0ab', 128000, 44100, 'UTF-8', '4:58', '2015-01-27 16:28:28'),
(277, 'Turk''s Theme', 7, 1, 2235046, 'cea3b46ea7f0751c4d17c7d97cbdc4a1', 128000, 44100, 'UTF-8', '2:19', '2015-01-27 16:28:28'),
(278, 'Underneath the Rotting Pizza', 7, 1, 3226253, '42521b180f2ac3003fe541cbffa9509a', 128000, 44100, 'UTF-8', '3:21', '2015-01-27 16:28:28'),
(279, 'Oppressed People', 7, 1, 2509453, '5269b834c8415a935c8e433d5b3f8348', 128000, 44100, 'UTF-8', '2:37', '2015-01-27 16:28:28'),
(280, 'Honeybee Manor', 7, 1, 3725167, '1d95bdabe8d95124b96bc7ea351ad9a4', 128000, 44100, 'UTF-8', '3:53', '2015-01-27 16:28:28'),
(281, 'Who...Are You?', 7, 1, 1324539, '1e2c6991df553353ca0faf1b288f6866', 128000, 44100, 'UTF-8', '1:23', '2015-01-27 16:28:28'),
(282, 'Don of the Slums', 7, 1, 2103903, '7435df01d92c6a0c974702e231a7de59', 128000, 44100, 'UTF-8', '2:11', '2015-01-27 16:28:28'),
(283, 'Infiltrating Shinra Tower', 7, 1, 3646302, '9cf9121d0ca116bceff62022c5930ecc', 128000, 44100, 'UTF-8', '3:48', '2015-01-27 16:28:28'),
(284, 'Still More Fighting', 7, 1, 3387167, 'df712f9442423a549c105ed460328e81', 128000, 44100, 'UTF-8', '3:31', '2015-01-27 16:28:28'),
(285, 'Red XIII''s Theme', 7, 1, 1398099, '2de004eef12f768820fbdfb5ee6e0d68', 128000, 44100, 'UTF-8', '1:27', '2015-01-27 16:28:28'),
(286, 'Crazy Motorcycle', 7, 1, 3457802, 'ed3b8867bb1eee300b96453c829ff0be', 128000, 44100, 'UTF-8', '3:36', '2015-01-27 16:28:29'),
(287, 'Holding My Thoughts In My Heart', 7, 1, 2140395, 'c8cb250c32b4ce2bfc52ce2dabfda22e', 128000, 44100, 'UTF-8', '2:14', '2015-01-27 16:28:29'),
(288, 'Main Theme Of Final Fantasy VII', 7, 1, 6553690, '6347efd675f7314338ca75ee0d12d49e', 128000, 44100, 'UTF-8', '6:49', '2015-01-27 16:30:36'),
(289, 'Ahead on Our Way', 7, 1, 3552261, '5f17692fc34a4fad20056b112cc47988', 128000, 44100, 'UTF-8', '3:42', '2015-01-27 16:30:36'),
(290, 'Good Night, Until Tomorrow', 7, 1, 138788, '60404c12c8fa29d89d6e0bc26197a0b0', 128000, 44100, 'UTF-8', '0:08', '2015-01-27 16:30:36'),
(291, 'On That Day, Five Years Ago', 7, 1, 3079131, 'cfb5a1954335fb54ea6a45b6538eee95', 128000, 44100, 'UTF-8', '3:12', '2015-01-27 16:30:36'),
(292, 'Farm Boy', 7, 1, 2730971, '06cb92876de99680267f22ab04333eaa', 128000, 44100, 'UTF-8', '2:50', '2015-01-27 16:30:36'),
(293, 'Waltz de Chocobo', 7, 1, 551603, 'c4c25add9b54271bf82133a4526e4806', 128000, 44100, 'UTF-8', '0:34', '2015-01-27 16:30:37'),
(294, 'Electric de Chocobo', 7, 1, 3857371, '7dd3a1abeb124147c81440d909e7674b', 128000, 44100, 'UTF-8', '4:01', '2015-01-27 16:30:37'),
(295, 'Cinco de Chocobo', 7, 1, 2871823, 'db5270954d6e3de068e8d779a4abfc1e', 128000, 44100, 'UTF-8', '2:59', '2015-01-27 16:30:37'),
(296, 'Chasing the Black-Caped Man', 7, 1, 2932010, '2d14ed2bba0506d8a491e59ac2c590ff', 128000, 44100, 'UTF-8', '3:03', '2015-01-27 16:30:37'),
(297, 'Fortress of Condor', 7, 1, 3832712, '186433ca37a4903a85e769c8ca9274f0', 128000, 44100, 'UTF-8', '3:59', '2015-01-27 16:30:37'),
(298, 'Rufus'' Welcoming Ceremony', 7, 1, 2158656, '6d7ab32e0990ccd739610187c81d2425', 128000, 44100, 'UTF-8', '2:15', '2015-01-27 16:30:37'),
(299, 'It''s Difficult to Stand on Both Feet, Isn''t It', 7, 1, 3389128, '463e700a260ed951f0f88d8a4ea446dc', 128000, 44100, 'UTF-8', '3:32', '2015-01-27 16:30:37'),
(300, 'Trail of Blood', 7, 1, 4032914, 'c34fb4db126ad831c846f6194797a170', 128000, 44100, 'UTF-8', '4:12', '2015-01-27 16:30:37'),
(301, 'J-E-N-O-V-A', 7, 1, 2447466, 'd60f1fed2361f23819f7bf41c2d3c481', 128000, 44100, 'UTF-8', '2:33', '2015-01-27 16:30:37'),
(302, 'Requiem', 7, 1, 570122, '770bd967a50617d130f400f7ea0820c1', 128000, 44100, 'UTF-8', '0:35', '2015-01-27 16:30:37'),
(303, 'Costa del Sol', 7, 1, 2349792, 'c5fc805f6a1dcf8526cab8a0c2b00b84', 128000, 44100, 'UTF-8', '2:27', '2015-01-27 16:30:37'),
(304, 'Mark of the Traitor', 7, 1, 3376718, '1d38a186299ce036c801d16da794001e', 128000, 44100, 'UTF-8', '3:31', '2015-01-27 16:30:37'),
(305, 'Mining Town', 7, 1, 2867226, 'fc16e4bb82c38ad13e6974b40655e367', 128000, 44100, 'UTF-8', '2:59', '2015-01-27 16:30:37'),
(306, 'Gold Saucer', 7, 1, 1874155, 'c2609798fb6f863bbea9a53db13a10a1', 128000, 44100, 'UTF-8', '1:57', '2015-01-27 16:30:37'),
(307, 'Cait Sith''s Theme', 7, 1, 3432178, '00ac799306dc0ceeb2e1c7e2f36ebc86', 128000, 44100, 'UTF-8', '3:34', '2015-01-27 16:30:37'),
(308, 'Sandy Badlands', 7, 1, 5322736, '38ce06e0bf5a5e81235b7959721f5506', 128000, 44100, 'UTF-8', '5:32', '2015-01-27 16:30:37'),
(309, 'Cosmo Canyon', 7, 1, 4325376, '8390a7bb384204296b95613f1f531e3b', 160000, 44100, 'UTF-8', '3:36', '2015-01-27 16:33:27'),
(310, 'Life Stream', 7, 1, 3472720, '127d820b3c3d2a091280fe0fb10a397f', 128000, 44100, 'UTF-8', '3:37', '2015-01-27 16:33:28'),
(311, 'Great Warrior', 7, 1, 3259272, '6c5c048cb861e02d431c3678748c8a8f', 128000, 44100, 'UTF-8', '3:23', '2015-01-27 16:33:28'),
(312, 'Descendant of Shinobi', 7, 1, 3313664, 'ee0318f3e5d6a14770619cabf0b5c14c', 160000, 44100, 'UTF-8', '2:46', '2015-01-27 16:33:28'),
(313, 'Those Chosen by the Planet', 7, 1, 3934208, 'a1c06f87e0c60fb7d0519dd70bb8391b', 160000, 44100, 'UTF-8', '3:17', '2015-01-27 16:33:28'),
(314, 'The Nightmare''s Beginning', 7, 1, 3571712, '2936c276ad2aeb060e6d1988f61ae94c', 160000, 44100, 'UTF-8', '2:58', '2015-01-27 16:33:28'),
(315, 'Cid''s Theme', 7, 1, 3821568, 'da57f06161737a1b4b8200a57d812695', 160000, 44100, 'UTF-8', '3:11', '2015-01-27 16:33:28'),
(316, 'Steal the Tiny Bronco!', 7, 1, 1527808, '3ebeef2caf9fe1a3e218d2c31f570e4d', 160000, 44100, 'UTF-8', '1:16', '2015-01-27 16:33:28'),
(317, 'Wutai', 7, 1, 5400576, '48657159bbb4049efd873d24d0ca4159', 160000, 44100, 'UTF-8', '4:30', '2015-01-27 16:33:28'),
(318, 'Stolen Materia', 7, 1, 1933312, '44f3c7aabf0dc39abebca937df239508', 160000, 44100, 'UTF-8', '1:37', '2015-01-27 16:33:28'),
(319, 'Racing Chocobos - Place Your Bets', 7, 1, 2209792, 'b26a0b0b978b69a53a1a857b9a903d3e', 160000, 44100, 'UTF-8', '1:50', '2015-01-27 16:33:28'),
(320, 'Fiddle de Chocobo', 7, 1, 3405824, '40799a45f122c6d4b8f1fdc78db217d8', 160000, 44100, 'UTF-8', '2:50', '2015-01-27 16:33:28'),
(321, 'Jackpot!', 7, 1, 954368, 'e23bd14ea1be524b7a544545804456bc', 160000, 44100, 'UTF-8', '0:48', '2015-01-27 16:33:28'),
(322, 'Tango of Tears', 7, 1, 991232, '2be0c07a40d9e403d2932632709debba', 160000, 44100, 'UTF-8', '0:50', '2015-01-27 16:33:28'),
(323, 'Debut', 7, 1, 2514757, 'ea13bac138eb935197b12be7e50c5d3f', 128000, 44100, 'UTF-8', '2:37', '2015-01-27 16:33:28'),
(324, 'Interrupted by Fireworks', 7, 1, 2712999, '214e44f089d070bb79dedcbc32d1bb0c', 128000, 44100, 'UTF-8', '2:49', '2015-01-27 16:33:28'),
(325, 'Forested Temple', 7, 1, 3683082, '32d41d6f8071eafdcdbdaa94c5fe5b33', 128000, 44100, 'UTF-8', '3:50', '2015-01-27 16:33:28'),
(326, 'You Can Hear the Cry of the Planet', 7, 1, 3533324, 'dc66dbf4965472d661b97c4c69e9bc3b', 128000, 44100, 'UTF-8', '3:41', '2015-01-27 16:33:29'),
(327, 'Aerith''s Theme', 7, 1, 4108207, '91f8360f0a071db390fa6ec6916dabf2', 128000, 44100, 'UTF-8', '4:17', '2015-01-27 16:33:29'),
(328, 'Buried in the Snow', 7, 1, 4640147, 'c04d1d170c3246a4347c685bf241a5e1', 128000, 44100, 'UTF-8', '4:50', '2015-01-27 16:33:29'),
(329, 'The North Cave', 7, 1, 5832646, '0072b88713b95e300839d8bad1247de2', 128000, 44100, 'UTF-8', '6:04', '2015-01-27 16:33:29'),
(330, 'Reunion', 7, 1, 3433850, '1a00317db1de60a9616bbc66f63843c7', 128000, 44100, 'UTF-8', '3:34', '2015-01-27 16:33:29'),
(331, 'Who... Am I?', 7, 1, 1555252, 'e9c4d717e93105783de970db5718c776', 128000, 44100, 'UTF-8', '1:37', '2015-01-27 16:33:29'),
(332, 'Shinra''s Full-Scale Assault', 7, 1, 2111031, '8c93fa75a8f5c7ef7fe4448812d5602d', 96014, 44100, 'UTF-8', '2:56', '2015-01-27 16:42:19'),
(333, 'Attack of the Weapon', 7, 1, 2049879, 'b5cfa8f5a98474f81bd7792b1764d912', 96015, 44100, 'UTF-8', '2:51', '2015-01-27 16:42:19'),
(334, 'The Highwind Takes to the Skies', 7, 1, 2567119, '7764040f7e237effe334cf02812c8b45', 96012, 44100, 'UTF-8', '3:34', '2015-01-27 16:42:19'),
(335, 'Secret of the Deep Sea', 7, 1, 2557305, '79de0d81ceaac99e64d67547d4946f6e', 80008, 44100, 'UTF-8', '4:16', '2015-01-27 16:42:19'),
(336, 'Provincial Town', 7, 1, 1743622, 'a9edcf928b26a93b8aa19bebd6d2eb13', 96017, 44100, 'UTF-8', '2:25', '2015-01-27 16:42:19'),
(337, 'From the Edge of Despair', 7, 1, 3049231, '365025bdd1def3c7a352a0039253a0d0', 96010, 44100, 'UTF-8', '4:14', '2015-01-27 16:42:19'),
(338, 'On the Other Side of the Mountain', 7, 1, 1850848, '99c24524dd6ca4c938ce2419b58dd386', 96016, 44100, 'UTF-8', '2:34', '2015-01-27 16:42:19'),
(339, 'Hurry Up!', 7, 1, 2108501, '089587618d7f0a7ce43d0d97e2e15836', 96014, 44100, 'UTF-8', '2:56', '2015-01-27 16:42:19'),
(340, 'Launching a Dream into Space', 7, 1, 2022943, 'ec6580b8b55a2ab2ef6731acde54a8eb', 96015, 44100, 'UTF-8', '2:49', '2015-01-27 16:42:20'),
(341, 'The Countdown Begins', 7, 1, 589434, 'cde736feef52fb23c645cf05352673f7', 96051, 44100, 'UTF-8', '0:49', '2015-01-27 16:42:20'),
(342, 'Open Your Heart', 7, 1, 1993780, 'd4c5d2cb253a278d3020f1eb911791a9', 96015, 44100, 'UTF-8', '2:46', '2015-01-27 16:42:20'),
(343, 'Mako Cannon - The Destruction of Shinra', 7, 1, 1109189, 'd888756224b6315dc3592abacb652de1', 96027, 44100, 'UTF-8', '1:32', '2015-01-27 16:42:20'),
(344, 'Judgement Day', 7, 1, 2953927, 'f305f2c5af085214f874667204a9c35f', 96010, 44100, 'UTF-8', '4:06', '2015-01-27 16:42:20'),
(345, 'Jenova Absolute', 7, 1, 2853305, 'f548ed7ed554a3b51ad4aa551fa7ba08', 96011, 44100, 'UTF-8', '3:58', '2015-01-27 16:42:20'),
(346, 'Birth of a God', 7, 1, 3004398, '4a87b7fda0d758bacd2157050599d67f', 96010, 44100, 'UTF-8', '4:10', '2015-01-27 16:42:20'),
(347, 'One-Winged Angel', 7, 1, 5245079, '576f8a70c97b71e23e780af921afa68c', 96006, 44100, 'UTF-8', '7:17', '2015-01-27 16:42:20'),
(348, 'The Planet''s Crisis', 7, 1, 7740185, '6ac89fbee77e2078f9a36fdc775418cb', 128007, 44100, 'UTF-8', '8:04', '2015-01-27 16:42:20'),
(349, 'Staff Roll', 7, 1, 4929721, 'be2d04836f7937f21e387e9d4c28dda0', 96006, 44100, 'UTF-8', '6:51', '2015-01-27 16:42:20'),
(350, 'Liberi Fatali', 8, 1, 2257504, '2ea62575f63f69d43e4bbccda293d45f', 96013, 44100, 'UTF-8', '3:08', '2015-01-27 17:08:18'),
(351, 'Balamb Garden', 8, 1, 2517163, '959351113a78cb76a6558b25f0b7a5de', 96012, 44100, 'UTF-8', '3:29', '2015-01-27 17:08:18'),
(352, 'Blue Fields', 8, 1, 2090947, 'd345c3972d2e72bb5d751229647add52', 96014, 44100, 'UTF-8', '2:54', '2015-01-27 17:08:18'),
(353, 'Don''t Be Afraid', 8, 1, 2065874, '103ab562529629e411cf0de576e6ad65', 96015, 44100, 'UTF-8', '2:52', '2015-01-27 17:08:18'),
(354, 'The Winner', 8, 1, 809167, 'cf958df4430b918a30d861badb7fbff9', 96037, 44100, 'UTF-8', '1:07', '2015-01-27 17:08:18'),
(355, 'Find Your Way', 8, 1, 2733559, '4aa8a0c16d7efb9abc7b227bf8295008', 96011, 44100, 'UTF-8', '3:48', '2015-01-27 17:08:18'),
(356, 'SeeD', 8, 1, 4109784, '04d15825659c906ba9e600ed7e82f459', 128013, 44100, 'UTF-8', '4:17', '2015-01-27 17:08:18'),
(357, 'The Landing', 8, 1, 3316610, '489cd7628c32fbd691513c63dfcca549', 96009, 44100, 'UTF-8', '4:36', '2015-01-27 17:08:18'),
(358, 'Starting Up', 8, 1, 958066, '71556eb7bb01104b6c572ede79b078c1', 96031, 44100, 'UTF-8', '1:20', '2015-01-27 17:08:18'),
(359, 'Force Your Way', 8, 1, 2801269, '993c4d7ab13e5005a21c729d048882f1', 96011, 44100, 'UTF-8', '3:53', '2015-01-27 17:08:18'),
(360, 'The Loser', 8, 1, 1044582, '7409eb334ed55b4c3c47a2053c1392a5', 96029, 44100, 'UTF-8', '1:27', '2015-01-27 17:08:18'),
(361, 'Never Look Back', 8, 1, 3257159, '7861e56dab7283f5a55626ff18848a21', 128016, 44100, 'UTF-8', '3:24', '2015-01-27 17:08:19'),
(362, 'Dead End', 8, 1, 854305, '366b47c404f16fd5850ecfbbccc9774d', 96035, 44100, 'UTF-8', '1:11', '2015-01-27 17:08:19'),
(363, 'Breezy', 8, 1, 1637767, '5de942f506c36c515fdd9e0bb4b48b4c', 80013, 44100, 'UTF-8', '2:44', '2015-01-27 17:08:19'),
(364, 'Shuffle or Boogie', 8, 1, 1494105, 'cb96054b5059da1fbb34c4d0b322f590', 96020, 44100, 'UTF-8', '2:04', '2015-01-27 17:08:19'),
(365, 'Waltz for the Moon', 8, 1, 2167438, '1fe317c59f33d83c8d6e9a99500fc7cf', 96014, 44100, 'UTF-8', '3:01', '2015-01-27 17:08:19'),
(366, 'Tell Me', 8, 1, 2459580, '682f20dcfaef1d754c9795ddb566afa1', 96012, 44100, 'UTF-8', '3:25', '2015-01-27 17:08:19'),
(367, 'Fear', 8, 1, 1738284, 'c974249136149d7318591cce6b353733', 96017, 44100, 'UTF-8', '2:25', '2015-01-27 17:08:19'),
(368, 'The Man with the Machine Gun', 8, 1, 2715377, 'b487f95b6529e5b4dd3c052d2526b645', 128020, 44100, 'UTF-8', '2:50', '2015-01-27 17:08:19'),
(369, 'Julia', 8, 1, 831889, '0d3eaf067a06c2fa37a02d9d12bc9a0c', 80025, 44100, 'UTF-8', '1:23', '2015-01-27 17:08:19'),
(370, 'Roses and Wine', 8, 1, 1664629, 'becaf5f445967802999c93dcff7191b4', 96018, 44100, 'UTF-8', '2:19', '2015-01-27 17:08:19'),
(371, 'Junction', 8, 1, 1175924, 'b1d78f4572ddd0899dfc960cc0af809a', 96026, 44100, 'UTF-8', '1:38', '2015-01-27 17:08:19'),
(372, 'Timber Owls', 8, 1, 2742647, '50aab9b28b2f089dc58c9f66eb57c7fa', 128019, 44100, 'UTF-8', '2:51', '2015-01-27 17:08:19'),
(373, 'My Mind', 8, 1, 2310055, '0ad87e53890918702836c72cffb06ce9', 96013, 44100, 'UTF-8', '3:12', '2015-01-27 17:09:57'),
(374, 'The Mission', 8, 1, 2601586, 'b2867a1ab2b0435ff1040147015f1037', 96012, 44100, 'UTF-8', '3:37', '2015-01-27 17:09:57'),
(375, 'Martial Law', 8, 1, 2737632, '7a79c4c80561305ce320621781ea6634', 96011, 44100, 'UTF-8', '3:48', '2015-01-27 17:09:57'),
(376, 'Cactus Jack (Galbadian Anthem)', 8, 1, 1082219, '7af8af58d0347541fa4c4edf49a51e77', 96028, 44100, 'UTF-8', '1:30', '2015-01-27 17:09:57'),
(377, 'Only A Plank Between One And Perdition', 8, 1, 1732362, '11c3f348b9d175a9f7a1dfd297f14a96', 96017, 44100, 'UTF-8', '2:24', '2015-01-27 17:09:57'),
(378, 'Succession Of Witches', 8, 1, 2385302, '45c575a6a27cf8f4aab270d65c31118d', 96013, 44100, 'UTF-8', '3:19', '2015-01-27 17:09:57'),
(379, 'Galbadia GARDEN', 8, 1, 2608486, '79ef361177fa2a58601605c0f80dc3b7', 96011, 44100, 'UTF-8', '3:37', '2015-01-27 17:09:57'),
(380, 'Unrest', 8, 1, 1882965, 'b2d8d45d21f4cf76b4418352eb7cd472', 96016, 44100, 'UTF-8', '2:37', '2015-01-27 17:09:57'),
(381, 'Under Her Control', 8, 1, 2527613, 'bf6c96cf8e590bedc3f386dd3a18480d', 96012, 44100, 'UTF-8', '3:31', '2015-01-27 17:09:57'),
(382, 'The Stage Is Set', 8, 1, 2641088, '60d8c9b2b4c9fefa66f4fddc59bd84a7', 96011, 44100, 'UTF-8', '3:40', '2015-01-27 17:09:57'),
(383, 'A Sacrifice', 8, 1, 2483722, 'f5e910822d370ba4718f786600f2b9e8', 96012, 44100, 'UTF-8', '3:27', '2015-01-27 17:09:57'),
(384, 'FITHOS LUSEC WECOS VINOSEC', 8, 1, 3282770, '3a82043ae4a30ab7c5561d1ccfd0bbf7', 96009, 44100, 'UTF-8', '4:34', '2015-01-27 17:09:58'),
(385, 'Intruders', 8, 1, 1824493, 'b9fe228bbd6c6615a415845646374f45', 96016, 44100, 'UTF-8', '2:32', '2015-01-27 17:09:58'),
(386, 'Premonition', 8, 1, 3323357, '0e5a278a6a66a70d3ca568dbecf467b9', 96009, 44100, 'UTF-8', '4:37', '2015-01-27 17:09:58'),
(387, 'Wounded', 8, 1, 640059, 'adf22365e8b6ccc064fcce7d78b7f8f4', 96047, 44100, 'UTF-8', '0:53', '2015-01-27 17:09:58'),
(388, 'Fragments of Memories', 8, 1, 3106944, 'c1075bdb1410be7155ce32ccf83ff248', 128000, 44100, 'UTF-8', '3:14', '2015-01-27 17:09:58'),
(389, 'Jailed', 8, 1, 2764755, 'dc4e84b335a6fd26eb614f613cdadcba', 96011, 44100, 'UTF-8', '3:50', '2015-01-27 17:09:58'),
(390, 'Rivals', 8, 1, 2533101, '7ada0bd55e6133b13bea47b099077b32', 96012, 44100, 'UTF-8', '3:31', '2015-01-27 17:09:58'),
(391, 'Ami', 8, 1, 3329140, '4baa82bff091969993b1f2eeb0c8df0b', 96009, 44100, 'UTF-8', '4:37', '2015-01-27 17:09:58'),
(392, 'The Spy', 8, 1, 3628716, '5ccfe1fb7de6c51f07b3eaaff4ec335d', 128015, 44100, 'UTF-8', '3:47', '2015-01-27 17:10:25');
INSERT INTO `vgbt_extracts` (`id`, `name`, `game_id`, `composer_id`, `size`, `md5`, `bitrate`, `sample_rate`, `encoding`, `play_time`, `date`) VALUES
(393, 'Retaliation', 8, 1, 541630, 'bd27b38d1696a632cf71bfe1f7a5e3a6', 96056, 44100, 'UTF-8', '0:45', '2015-01-27 17:10:25'),
(394, 'Movin''', 8, 1, 3817698, '636876459d8c97b1f373fe48ec3a160b', 96008, 44100, 'UTF-8', '5:18', '2015-01-27 17:10:25'),
(395, 'Blue Sky', 8, 1, 538641, '285b75193a483eda167e70f2bd1482fd', 96056, 44100, 'UTF-8', '0:45', '2015-01-27 17:10:25'),
(396, 'Drifting', 8, 1, 2123856, '765409144725118113d811018a180302', 96014, 44100, 'UTF-8', '2:57', '2015-01-27 17:10:25'),
(397, 'Heresy', 8, 1, 3009888, '0429b90bc7fe22fb7f2a9ff6d611d39e', 96010, 44100, 'UTF-8', '4:11', '2015-01-27 17:10:25'),
(398, 'Fisherman''s Horison', 8, 1, 2591250, 'f71f1a01ad06df12f373ad548cb228e3', 96012, 44100, 'UTF-8', '3:36', '2015-01-27 17:10:25'),
(399, 'ODEKA de Chocobo', 8, 1, 608134, '77ba571fa9597217ee9c4316b795ca12', 64022, 44100, 'UTF-8', '1:16', '2015-01-27 17:10:25'),
(400, 'Where I Belong', 8, 1, 2646102, 'f37057c3a6c627570668674aae30f9e6', 96011, 44100, 'UTF-8', '3:40', '2015-01-27 17:10:25'),
(401, 'The Oath', 8, 1, 2468359, '09a780b5ca86ae8d39b1dc897b319cb5', 96012, 44100, 'UTF-8', '3:26', '2015-01-27 17:10:25'),
(402, 'Slide Show Part1', 8, 1, 1334547, 'a2f4f6141d4e50bd166d3d7169e5bf77', 128040, 44100, 'UTF-8', '1:23', '2015-01-27 17:10:25'),
(403, 'Slide Show Part2', 8, 1, 1719906, '2751cdfe7bf2cd7a905362508e96eeab', 128031, 44100, 'UTF-8', '1:47', '2015-01-27 17:10:26'),
(404, 'Love Grows', 8, 1, 3227270, 'dbe26e0c4246c553b1d8d3f33e5aaa7e', 96009, 44100, 'UTF-8', '4:29', '2015-01-27 17:10:26'),
(405, 'The Salt Flats', 8, 1, 2599708, '9808328e24898e71aeedbaf74086c54c', 96012, 44100, 'UTF-8', '3:37', '2015-01-27 17:10:26'),
(406, 'Trust Me', 8, 1, 2318207, '9d822e5ef8b494d8d0e0fce2545718b3', 96013, 44100, 'UTF-8', '3:13', '2015-01-27 17:10:26'),
(407, 'Silence and Motion', 8, 1, 4173015, '4367345582acb2432b8c88b6ff1d24dc', 96007, 44100, 'UTF-8', '5:48', '2015-01-27 17:10:26'),
(408, 'Dance With the Balamb-fish', 8, 1, 2636083, '6273deb42b0036826f9489c6d276ee16', 96011, 44100, 'UTF-8', '3:40', '2015-01-27 17:10:26'),
(409, 'Tears of the Moon', 8, 1, 873122, '98049a3ad0d1a1130359cbef4a483393', 96034, 44100, 'UTF-8', '1:13', '2015-01-27 17:10:26'),
(410, 'Residents', 8, 1, 2265231, '2352048e10c09e5e07952e287444ebd5', 96013, 44100, 'UTF-8', '3:09', '2015-01-27 17:10:26'),
(411, 'Eyes on Me', 8, 1, 4058904, '7d0d4e3d7236ae4c1bd802e6c12facaa', 96007, 44100, 'UTF-8', '5:38', '2015-01-27 17:10:26'),
(412, 'Mods de Chocobo (featuring N''s Telecaster)', 8, 1, 1738009, '1d9c1f13bfcc6b1ce8596450448859e9', 96017, 44100, 'UTF-8', '2:25', '2015-01-27 17:10:53'),
(413, 'Ride On', 8, 1, 2197207, '949aa5454ab46aee7def879d200ae41a', 96014, 44100, 'UTF-8', '3:03', '2015-01-27 17:10:53'),
(414, 'Truth', 8, 1, 2651108, 'd3044c1345d33e656d229cbbcd09a76f', 96011, 44100, 'UTF-8', '3:41', '2015-01-27 17:10:54'),
(415, 'Lunatic Pandora', 8, 1, 2500026, 'eefa826bfe083c25d47533375c56bcdf', 96012, 44100, 'UTF-8', '3:28', '2015-01-27 17:10:54'),
(416, 'Compression of Time', 8, 1, 3291540, 'a81709b97af1dd1822e0c418dfd3a5e6', 96009, 44100, 'UTF-8', '4:34', '2015-01-27 17:10:54'),
(417, 'The Castle', 8, 1, 3832579, '4f1ce01c72557a364406cf453d819535', 96008, 44100, 'UTF-8', '5:19', '2015-01-27 17:10:54'),
(418, 'The Legendary Beast', 8, 1, 4204050, '9b33ebaac4dd94b97a20ee6721b853f7', 96007, 44100, 'UTF-8', '5:50', '2015-01-27 17:10:54'),
(419, 'Maybe I''m a Lion', 8, 1, 4021294, 'ef74b12b6d052dfad202b1c34f5a3768', 96007, 44100, 'UTF-8', '5:35', '2015-01-27 17:10:54'),
(420, 'The Extreme', 8, 1, 6480456, '51e4cf798d6018526522ba0a7afab997', 128008, 44100, 'UTF-8', '6:45', '2015-01-27 17:10:54'),
(421, 'The Successor', 8, 1, 2177464, 'f9e7c9e2f69725b64e9ebfec4ca5b334', 80010, 44100, 'UTF-8', '3:38', '2015-01-27 17:10:54'),
(422, 'Ending Theme', 8, 1, 9602926, '8ac7f39c480b1b35fa111db2ae693447', 96003, 44100, 'UTF-8', '13:20', '2015-01-27 17:10:54'),
(423, 'Overture', 8, 1, 2593746, '181aa53a0e5fe4bb298d02d431e1711a', 96012, 44100, 'UTF-8', '3:36', '2015-01-27 17:10:54'),
(424, 'The Place I''ll Return To Someday', 9, 1, 3088384, '513de56a987db8a70a0d98c5ea4d7abf', 192000, 44100, 'UTF-8', '2:09', '2015-01-27 17:11:47'),
(425, 'Forgotten Memory In The Storm', 9, 1, 1824768, '9f1302a6cbdd3272297a462fd8ea8eb9', 192000, 44100, 'UTF-8', '1:16', '2015-01-27 17:11:47'),
(426, 'Strategy Conference', 9, 1, 2355200, 'f7d6b443fe917d5dca2bf0e0db9cd342', 192000, 44100, 'UTF-8', '1:38', '2015-01-27 17:11:47'),
(427, 'Sky Above Alexandria', 9, 1, 1310720, '78814612519c56faa4653ffa913a2156', 192000, 44100, 'UTF-8', '0:55', '2015-01-27 17:11:47'),
(428, 'Vivi''s Theme', 9, 1, 4591616, '753ca571648e43a3d2f252770afb514a', 192000, 44100, 'UTF-8', '3:11', '2015-01-27 17:11:47'),
(429, 'Feel My Blade', 9, 1, 3891200, '4b7ed3b294646a41e0d9a6b3593bdf25', 192000, 44100, 'UTF-8', '2:42', '2015-01-27 17:11:47'),
(430, 'Vamo'' Alla Flamenco', 9, 1, 2705408, '42136fc58669f6dd629c02c6a6d4ddbf', 192000, 44100, 'UTF-8', '1:53', '2015-01-27 17:11:47'),
(431, 'Search For The Princess', 9, 1, 4663296, '81f1c1452af32796d030fc21c87e40f9', 192000, 44100, 'UTF-8', '3:14', '2015-01-27 17:11:48'),
(432, 'The Jesters Of The Moon', 9, 1, 4820992, '7e48b03c2fe159d88a7bf183da50772b', 192000, 44100, 'UTF-8', '3:21', '2015-01-27 17:11:48'),
(433, 'Steiner''s Theme', 9, 1, 3536896, '31fa6e1a2677b2666f8dc52e67e356e2', 192000, 44100, 'UTF-8', '2:27', '2015-01-27 17:11:48'),
(434, 'Prima Vista Band', 9, 1, 2529280, '3f159da7045dc34582059a696b99cb55', 192000, 44100, 'UTF-8', '1:45', '2015-01-27 17:11:48'),
(435, 'Eye Catching', 9, 1, 4093952, '91ffd99b23f5a6a31a0f58a7762f7c34', 192000, 44100, 'UTF-8', '2:51', '2015-01-27 17:11:48'),
(436, 'Tonight', 9, 1, 395264, 'a9499efdeeb10491ba273e59b0ecefe3', 192000, 44100, 'UTF-8', '0:16', '2015-01-27 17:11:48'),
(437, 'Your Warmth', 9, 1, 829440, '4eaefca49c002bafbc05b7fa4d1b965f', 192000, 44100, 'UTF-8', '0:35', '2015-01-27 17:11:48'),
(438, 'Fake Love', 9, 1, 5171200, 'fa9807d59805010b048f7ae31fc03fc0', 192000, 44100, 'UTF-8', '3:35', '2015-01-27 17:11:48'),
(439, 'Queen Of The Abyss', 9, 1, 2193408, '5bca8eebfd591b7db2a2a8a671be210d', 192000, 44100, 'UTF-8', '1:31', '2015-01-27 17:11:48'),
(440, 'Stirring The Forest', 9, 1, 3569664, '4ab81ff6d37f6199e28c6b067c1f143e', 192000, 44100, 'UTF-8', '2:29', '2015-01-27 17:11:48'),
(441, 'Battle', 9, 1, 3853319, '4e06dd8c631c2e15fe1ca1f6c3d02d27', 192000, 44100, 'UTF-8', '2:40', '2015-01-27 17:11:49'),
(442, 'Fanfare', 9, 1, 1372382, 'd58c98b87787757bf7718a1795fa447f', 192000, 44100, 'UTF-8', '0:57', '2015-01-27 17:11:49'),
(443, 'Memories Of The Day', 9, 1, 3530752, '1d184f0f6a7f716faa1520a339c5778b', 192000, 44100, 'UTF-8', '2:27', '2015-01-27 17:11:49'),
(444, 'Boss Battle', 9, 1, 5892096, 'f968ff7758382f5df18b96b930411370', 192000, 44100, 'UTF-8', '4:05', '2015-01-27 17:11:49'),
(445, 'Game Over', 9, 1, 2779136, 'f494eb19db217e4958b6ee49bfa3d3dc', 192000, 44100, 'UTF-8', '1:56', '2015-01-27 17:11:49'),
(446, 'Run !', 9, 1, 4024320, 'd3ad699e39fef8834b71e632128e4e0d', 192000, 44100, 'UTF-8', '2:48', '2015-01-27 17:11:49'),
(447, 'Goodnight', 9, 1, 236565, '64ad166e64284e0bb4f6d11d877123e4', 192000, 44100, 'UTF-8', '0:10', '2015-01-27 17:11:49'),
(448, 'Crossing The Knoll', 9, 1, 3807232, 'cf54749d85317cb859ad26f55b0496b7', 192000, 44100, 'UTF-8', '2:39', '2015-01-27 17:11:49'),
(449, 'Ice Caverns', 9, 1, 4311040, '7cc736471bc1877b1e68df0c97b43c34', 192000, 44100, 'UTF-8', '3:00', '2015-01-27 17:11:49'),
(450, 'Frontier Village ~ Dali', 9, 1, 3573760, '2964d864f83e64ab56ac25ddd0eab8ab', 192000, 44100, 'UTF-8', '2:29', '2015-01-27 17:11:49'),
(451, 'Them In The Sunset', 9, 1, 4499456, 'f7b7cdda6f9e9c8e8753fb68c64bb63b', 192000, 44100, 'UTF-8', '3:07', '2015-01-27 17:11:49'),
(452, 'Steiners Stealth', 9, 1, 3962880, 'e826698c55e40da838a2a2c9cdfe58a6', 192000, 44100, 'UTF-8', '2:45', '2015-01-27 17:11:49'),
(453, 'Limited Time', 9, 1, 4399104, '170f32949b199c8a87a850e82bb75dcf', 192000, 44100, 'UTF-8', '3:03', '2015-01-27 17:11:49'),
(454, 'Zidane''s Theme', 9, 1, 4001792, '016cb1cb70f1993fd55d50b960a46ca6', 192000, 44100, 'UTF-8', '2:47', '2015-01-27 17:11:49'),
(455, 'Black Waltz', 9, 1, 2383872, 'c745a459d562ec48a57887b6287eafc1', 192000, 44100, 'UTF-8', '1:39', '2015-01-27 17:11:49'),
(456, 'Cid''s Theme', 9, 1, 5765120, '4a0cbffff612d56f70bb974f774e11d9', 192000, 44100, 'UTF-8', '4:00', '2015-01-27 17:12:15'),
(457, 'One Problem Settled...', 9, 1, 3042870, 'f2dc84dffa68fc6330fe6b9f4a3f179f', 128000, 44100, 'UTF-8', '3:10', '2015-01-27 17:12:15'),
(458, 'Lindblum', 9, 1, 3153920, '4410272132ef00bce755532b515cf2ff', 192000, 44100, 'UTF-8', '2:11', '2015-01-27 17:12:15'),
(459, 'Song Of Memories', 9, 1, 2715648, 'a889c9e9bcafb51f844dcfbaf0167a50', 192000, 44100, 'UTF-8', '1:53', '2015-01-27 17:12:15'),
(460, 'Hunter''s Chance', 9, 1, 5464064, '34670c3989e83c4f2beb5c84df7a4284', 192000, 44100, 'UTF-8', '3:48', '2015-01-27 17:12:15'),
(461, 'Qu''s Marsh', 9, 1, 4734976, '4484c19382670bc5dabf2caf7059ccfa', 192000, 44100, 'UTF-8', '3:17', '2015-01-27 17:12:15'),
(462, 'Quina''s Theme', 9, 1, 5574656, '2a8a57d99d00daf4f8c480393d38ed02', 192000, 44100, 'UTF-8', '3:52', '2015-01-27 17:12:15'),
(463, 'Aloha De Chocobo', 9, 1, 4241408, '1d7aa3571eb3e4ea1628bf209a102d20', 192000, 44100, 'UTF-8', '2:57', '2015-01-27 17:12:15'),
(464, 'Ukulele De Chocobo', 9, 1, 3424256, '4d86d4510e73f11ee126a386b9e392cf', 192000, 44100, 'UTF-8', '2:23', '2015-01-27 17:12:15'),
(465, 'Freyas Theme', 9, 1, 4376576, '45d7dfe28332b2fcf4d5ec693fcf2c76', 192000, 44100, 'UTF-8', '3:02', '2015-01-27 17:12:15'),
(466, 'Boudary South Gate', 9, 1, 4237312, 'c424f46a2088480371efa1ce0ab83018', 192000, 44100, 'UTF-8', '2:57', '2015-01-27 17:12:15'),
(467, 'Aerial Battle', 9, 1, 3559424, '876b284c51729b8468d94809b9b8ebe2', 192000, 44100, 'UTF-8', '2:28', '2015-01-27 17:12:15'),
(468, 'Kingdom Of Bulmecia', 9, 1, 5646336, '55ac726b1dc454f9aad59e8d78830487', 192000, 44100, 'UTF-8', '3:55', '2015-01-27 17:12:15'),
(469, 'Forgotten Face', 9, 1, 4900864, '8df4b76b63d574bf450da46481eb0b08', 192000, 44100, 'UTF-8', '3:24', '2015-01-27 17:12:16'),
(470, 'Kuja''s Theme', 9, 1, 3487744, 'e6c10de8eaf509a24072536955399d77', 192000, 44100, 'UTF-8', '2:25', '2015-01-27 17:12:16'),
(471, 'Mystery Sword', 9, 1, 4739072, '5fc79a964105e4acae0605dedadad60e', 192000, 44100, 'UTF-8', '3:17', '2015-01-27 17:12:16'),
(472, 'Sleepless City ~ Treno', 9, 1, 4165632, '61131b3a3ffe446724605ddf116fb584', 192000, 44100, 'UTF-8', '2:54', '2015-01-27 17:12:16'),
(473, 'Tantalus Theme', 9, 1, 3391488, '277ef17366bf916de9542458482d256f', 192000, 44100, 'UTF-8', '2:21', '2015-01-27 17:12:16'),
(474, 'Immoral Rhymth', 9, 1, 3495936, '8e13a1fcaab1fc2a80e70234301b90fb', 192000, 44100, 'UTF-8', '2:26', '2015-01-27 17:12:16'),
(475, 'Garnet''s Theme', 9, 1, 3846144, '973862dda019611fe880674e1e743446', 192000, 44100, 'UTF-8', '2:40', '2015-01-27 17:12:16'),
(476, 'Gargant Rul', 9, 1, 2580480, '47eece8379c8370a2cea7ad9e0bd1283', 192000, 44100, 'UTF-8', '1:47', '2015-01-27 17:12:16'),
(477, 'Cleyra Stem', 9, 1, 3917824, '29c9bc1c644febc81409db879c71dce5', 192000, 44100, 'UTF-8', '2:43', '2015-01-27 17:12:17'),
(478, 'Cleyra Settlement', 9, 1, 3389440, '4427bdb3e1c51a083058ba3d11bdfc0e', 192000, 44100, 'UTF-8', '2:21', '2015-01-27 17:12:17'),
(479, 'Eternal Harvest', 9, 1, 1818624, '3742271382438d3507f0213e59efd47f', 192000, 44100, 'UTF-8', '1:16', '2015-01-27 17:12:17'),
(480, 'Heaven Distress', 9, 1, 3733504, '62868716befba767fae1de47c4fadc4c', 192000, 44100, 'UTF-8', '2:35', '2015-01-27 17:12:17'),
(481, 'Extraction', 9, 1, 1820672, 'd736455c5906a810c41d2139aeab0cb0', 192000, 44100, 'UTF-8', '1:16', '2015-01-27 17:12:17'),
(482, 'Ambush Attack', 9, 1, 3444736, 'c421ddb573cf063dd17390c992502097', 192000, 44100, 'UTF-8', '2:23', '2015-01-27 17:12:30'),
(483, 'Loss Of Me', 9, 1, 3700736, '8cfd2844bd8540b0e634d3732405932e', 192000, 44100, 'UTF-8', '2:34', '2015-01-27 17:12:30'),
(484, 'Fossil Rul', 9, 1, 3627008, 'f982d93ed06b9daa6b7ca416a4681b7d', 192000, 44100, 'UTF-8', '2:31', '2015-01-27 17:12:30'),
(485, 'Mountain Pass ~ Conde Petie', 9, 1, 5363712, '73574e9a534da4590bf0d34067259ba2', 192000, 44100, 'UTF-8', '3:43', '2015-01-27 17:12:30'),
(486, 'Black Mage''s Village', 9, 1, 4857856, 'f70265360548f78f82ed70ac86022469', 192000, 44100, 'UTF-8', '3:22', '2015-01-27 17:12:30'),
(487, 'The Ungrasped Memory', 9, 1, 5457920, 'e5fe473bcf255a4f4aaa4a617198b117', 192000, 44100, 'UTF-8', '3:47', '2015-01-27 17:12:30'),
(488, 'Ceremony Before The Gods', 9, 1, 3104768, '8d93e267a1475130b5377298a9a77978', 192000, 44100, 'UTF-8', '2:09', '2015-01-27 17:12:30'),
(489, 'Eiko''s Theme', 9, 1, 5195776, '77406ac807f615e69744eadd9845cc5d', 192000, 44100, 'UTF-8', '3:36', '2015-01-27 17:12:30'),
(490, 'Ruins Of The Madain Sari', 9, 1, 5498880, 'd121d7353d4f09ada7e5ae4e1a50213e', 192000, 44100, 'UTF-8', '3:49', '2015-01-27 17:12:30'),
(491, 'Walls Of The Sacred Beasts', 9, 1, 3633152, '796137528ad6452c0d5869767a3284f9', 192000, 44100, 'UTF-8', '2:31', '2015-01-27 17:12:30'),
(492, 'Iifa Tree', 9, 1, 3581952, 'b85df41703e42051786dd07fa95cfc21', 192000, 44100, 'UTF-8', '2:29', '2015-01-27 17:12:31'),
(493, 'Salamander''s Theme', 9, 1, 3573760, '2acf4831309b03c6cb4a1f6f06c2dc4d', 192000, 44100, 'UTF-8', '2:29', '2015-01-27 17:12:31'),
(494, 'Footsteps Of Desire', 9, 1, 3352576, '8f939e9c81b0e3739a9d8eda6f624fb8', 192000, 44100, 'UTF-8', '2:20', '2015-01-27 17:12:31'),
(495, 'We Are Thieves!', 9, 1, 3145728, '1e2a3a60fb96830137afc0fa6a25db11', 192000, 44100, 'UTF-8', '2:11', '2015-01-27 17:12:31'),
(496, 'Slew Of Love Letters', 9, 1, 4160539, '33dc0ed2cc164de9fe794f339f23ea90', 192000, 44100, 'UTF-8', '2:53', '2015-01-27 17:12:31'),
(497, 'Quad Mist', 9, 1, 5275648, '52fee873ca09c4e610531899a56f8dcd', 192000, 44100, 'UTF-8', '3:40', '2015-01-27 17:12:31'),
(498, 'Moogle Theme', 9, 1, 2797568, 'ca7c62445073524e76a92ef5ef6ffb96', 192000, 44100, 'UTF-8', '1:57', '2015-01-27 17:12:31'),
(499, 'The Thing I Must Protect', 9, 1, 3403776, 'a032287136da088ece1c9886c25fb67c', 192000, 44100, 'UTF-8', '2:22', '2015-01-27 17:12:31'),
(500, 'The Chosen Summoner', 9, 1, 4225024, '758d4883fd8b55099cc7cccb3fa2bf00', 192000, 44100, 'UTF-8', '2:56', '2015-01-27 17:12:31'),
(501, 'Janitor Of Time', 9, 1, 3930112, 'c104fb1ae9444298be7780c6c8411e09', 192000, 44100, 'UTF-8', '2:44', '2015-01-27 17:12:31'),
(502, 'Oeilvert', 9, 1, 3293184, 'b3404be918301b94d08bc43c08cfcf9c', 192000, 44100, 'UTF-8', '2:17', '2015-01-27 17:12:31'),
(503, 'A Fleeting Past', 9, 1, 4139008, 'f5606a664503eabd4224458567c240a0', 192000, 44100, 'UTF-8', '2:52', '2015-01-27 17:12:31'),
(504, 'Turning From & That Scoundrel', 9, 1, 2961408, '861d9850a9363f95f4d775e9b4d8d33c', 192000, 44100, 'UTF-8', '2:03', '2015-01-27 17:12:31'),
(505, 'Sacred Grounds ~ Esto Gaza', 9, 1, 5509120, 'c96a65e638bbcd4686b5d067c96659c2', 192000, 44100, 'UTF-8', '3:49', '2015-01-27 17:12:31'),
(506, 'Gurugu Volcano', 9, 1, 3057664, '231255f3f8990efbebc5e619db69ff1c', 192000, 44100, 'UTF-8', '2:07', '2015-01-27 17:12:31'),
(507, 'The Heart Of Melting Magic', 9, 1, 2965504, 'bb33f543bc7813acc75e719948025dca', 192000, 44100, 'UTF-8', '2:04', '2015-01-27 17:12:32'),
(508, 'Airship ~ Hildagaldy', 9, 1, 5942283, 'e0b7ca25c194b55bd38e172706cf9078', 192000, 44100, 'UTF-8', '4:08', '2015-01-27 17:12:49'),
(509, 'Secret Library ~ Daguerreo', 9, 1, 3000320, '96614d21a9916dedeb05baa0f7bf9970', 192000, 44100, 'UTF-8', '2:05', '2015-01-27 17:12:49'),
(510, 'Ipsen''s Heritage', 9, 1, 2847750, '6be087b5489ec4983fc40b42fdabb972', 192000, 44100, 'UTF-8', '1:59', '2015-01-27 17:12:49'),
(511, 'The Four Mirrors', 9, 1, 3977216, 'ef427847bdd1f47fc87a363ee23d5a30', 192000, 44100, 'UTF-8', '2:46', '2015-01-27 17:12:49'),
(512, 'Consecutives Battle', 9, 1, 2951168, '9f291b7fdff732528c2c2ec4317d2bef', 192000, 44100, 'UTF-8', '2:03', '2015-01-27 17:12:49'),
(513, 'Terra', 9, 1, 3131392, '56a9c75e943bdf743131bf3bb6a94b16', 192000, 44100, 'UTF-8', '2:10', '2015-01-27 17:12:50'),
(514, 'Souless Village ~ Branbul', 9, 1, 4589568, '6145715e541f59a37e1433f194b3decc', 192000, 44100, 'UTF-8', '3:11', '2015-01-27 17:12:50'),
(515, 'Castle Where Time Froze ~ Pandemonium', 9, 1, 4407296, '9ed6a2d902ee12ea35a3085a09c5c958', 192000, 44100, 'UTF-8', '3:04', '2015-01-27 17:12:50'),
(516, 'You''re Not Alone!', 9, 1, 3751936, '8f1c81d62317efa62b6a63307f788335', 192000, 44100, 'UTF-8', '2:36', '2015-01-27 17:12:50'),
(517, 'Dissipating Sorrow', 9, 1, 5033984, 'eb1b20d6298ecf91dda4b06b655b3ed4', 192000, 44100, 'UTF-8', '3:30', '2015-01-27 17:12:50'),
(518, 'The Rebirth Of The Evil Mist', 9, 1, 3510272, 'd754657b53ad859df4ca41afac2aa35b', 192000, 44100, 'UTF-8', '2:26', '2015-01-27 17:12:50'),
(519, 'Assault Of The White Dragons', 9, 1, 5478400, '10f07ef160833d98ec387427a939a82a', 192000, 44100, 'UTF-8', '3:48', '2015-01-27 17:12:50'),
(520, 'The Memory Place', 9, 1, 3227648, 'bb8cac981ee37dac6019969b72f2dd78', 192000, 44100, 'UTF-8', '2:14', '2015-01-27 17:12:50'),
(521, 'Crystal World', 9, 1, 5373952, '94ba212c98e8a5e3ae53f43d89956f34', 192000, 44100, 'UTF-8', '3:44', '2015-01-27 17:12:50'),
(522, 'Dark Messenger', 9, 1, 6799360, '1bfc8f8f2280cdced3a433d4fd55f991', 192000, 44100, 'UTF-8', '4:43', '2015-01-27 17:12:51'),
(523, 'Final Battle', 9, 1, 9003008, '92e76d392a12d6830c2de6067d826e1b', 192000, 44100, 'UTF-8', '6:15', '2015-01-27 17:12:51'),
(524, 'Bittersweet Romance', 9, 1, 2211840, '14bc74a2adb01fbaa38d54f2364808bb', 192000, 44100, 'UTF-8', '1:32', '2015-01-27 17:12:51'),
(525, 'Hidden Lips', 9, 1, 679936, 'c5654d8436fa41b01789855071bc3ffc', 192000, 44100, 'UTF-8', '0:28', '2015-01-27 17:12:51'),
(526, 'I Want To Be Your Bird', 9, 1, 1880064, 'f18d3a2c26ca5bc8ca3b15a2eba1e409', 192000, 44100, 'UTF-8', '1:18', '2015-01-27 17:12:51'),
(527, 'Didnt Capture The Heart Of Both', 9, 1, 1966080, '63b89acbe7fe55b98e6347a37ceb86a9', 192000, 44100, 'UTF-8', '1:22', '2015-01-27 17:12:51'),
(528, 'Towards That Hate', 9, 1, 3039232, '3846add2aa4b44d251e936b5bb529bb0', 192000, 44100, 'UTF-8', '2:07', '2015-01-27 17:12:51'),
(529, 'Melodies Of Life ~ Final Fantasy', 9, 1, 10934272, '74cbd01e30bf59fa4626658ce23015be', 192000, 44100, 'UTF-8', '7:35', '2015-01-27 17:12:51'),
(530, 'Prelude', 9, 1, 3977216, '92da42dc1cb296907b6adcecd57f6586', 192000, 44100, 'UTF-8', '2:46', '2015-01-27 17:12:51'),
(531, 'Coca Cola TV CM 1', 9, 1, 487424, '48a47a7038ea1a5dbb56e72a7610dc36', 192000, 44100, 'UTF-8', '0:20', '2015-01-27 17:12:51'),
(532, 'Coca Cola TV CM 2', 9, 1, 829440, 'a360f99063f289a2447e371049fe1d1c', 192000, 44100, 'UTF-8', '0:35', '2015-01-27 17:12:51'),
(533, 'Melodies Of Life ~ The Layers of Harmony', 9, 1, 4843520, 'c75d80af2344d6d4a221e85c009dbdea', 192000, 44100, 'UTF-8', '3:22', '2015-01-27 17:12:51'),
(534, 'I Want to Tell Everything', 10, 1, 89245, '4332cd0cb89eccfce6a38d0ee70ae46c', 80236, 44100, 'UTF-8', '0:09', '2015-01-27 17:51:49'),
(535, 'To Zanarkand', 10, 1, 1850369, '375af59116ae5c768c10122cea1c2f41', 80011, 44100, 'UTF-8', '3:05', '2015-01-27 17:51:49'),
(536, 'Prelude', 10, 1, 3584828, '91ff1754d31ec9ddf93d495c0025b36f', 128015, 44100, 'UTF-8', '3:44', '2015-01-27 17:51:49'),
(537, 'Tidus'' Theme', 10, 1, 2566789, 'dee703460cedbd1140334bc9c59fb487', 96012, 44100, 'UTF-8', '3:34', '2015-01-27 17:51:49'),
(538, 'Otherworld', 10, 1, 3123822, '0fdba827149fb96a01a1b5e760c8280f', 128017, 44100, 'UTF-8', '3:15', '2015-01-27 17:51:49'),
(539, 'Hurry!!', 10, 4, 1925426, 'da3e828f6bbb1c1eab06e9be87fd71e8', 96016, 44100, 'UTF-8', '2:40', '2015-01-27 17:51:49'),
(540, 'This Is Your Story', 10, 4, 1684065, 'a4272f3f181b09774522d709c210c1b2', 96018, 44100, 'UTF-8', '2:20', '2015-01-27 17:51:49'),
(541, 'Eerie', 10, 4, 2020091, '487395581cf5e9d922e0819ff4d3972c', 96015, 44100, 'UTF-8', '2:48', '2015-01-27 17:51:49'),
(542, 'Battle', 10, 1, 3232069, '55f830c41f52cc68216eb88e91569508', 128017, 44100, 'UTF-8', '3:22', '2015-01-27 17:51:49'),
(543, 'Victory Fanfare', 10, 1, 1147089, 'd960c70040fba65fe617ec245c27d11a', 96026, 44100, 'UTF-8', '1:36', '2015-01-27 17:51:49'),
(544, 'Game Over', 10, 1, 409803, '5f5d6a8b55b3d7df75f5c2af67c6e1cc', 96073, 44100, 'UTF-8', '0:34', '2015-01-27 17:51:49'),
(545, 'No Dream, No Hope', 10, 1, 2239218, 'a8d1f590c34817f1a154cd1b78f40cf0', 96013, 44100, 'UTF-8', '3:07', '2015-01-27 17:51:49'),
(546, 'Secret Maneuvers', 10, 4, 1047407, '7cf90b9969052dff6943a68a70f3505f', 96029, 44100, 'UTF-8', '1:27', '2015-01-27 17:51:50'),
(547, 'Underwater Remains', 10, 4, 3075556, '9aefae7c596556860e70396c6b4f943b', 96010, 44100, 'UTF-8', '4:16', '2015-01-27 17:51:50'),
(548, 'Al Bhed Tribe''s Cheer', 10, 1, 2456770, '90aff610261e03a0112ee0bbb6e089ed', 96012, 44100, 'UTF-8', '3:25', '2015-01-27 17:51:50'),
(549, 'Ennemy Assault', 10, 4, 1943300, '50151d24e3b8d7674a65b3997e97c8eb', 96015, 44100, 'UTF-8', '2:42', '2015-01-27 17:51:50'),
(550, 'The Men who Live for Blitz', 10, 1, 2798457, '8dbb25409d49c24b6541376aa3eeee51', 96011, 44100, 'UTF-8', '3:53', '2015-01-27 17:51:50'),
(551, 'Besaid Island', 10, 5, 3412217, '12ea6a783a587d4fbe064703c4c4f602', 96009, 44100, 'UTF-8', '4:44', '2015-01-27 17:51:50'),
(552, 'Scenery of Spira', 10, 1, 2029506, '0d4be24a167d8f8a7bd5c28887a5be14', 96015, 44100, 'UTF-8', '2:49', '2015-01-27 17:51:50'),
(553, 'Song of Prayer', 10, 1, 523284, 'cc0a78184d95e49bd184ea50f2d028f5', 96057, 44100, 'UTF-8', '0:44', '2015-01-27 17:51:50'),
(554, 'Illusion', 10, 4, 2721952, '496b3a883301f0d25f103feb341dd3e4', 96011, 44100, 'UTF-8', '3:47', '2015-01-27 17:51:50'),
(555, 'The Place of Trial', 10, 1, 2567735, '874d3e4cf3c7552cd89b61987c55840d', 96012, 44100, 'UTF-8', '3:34', '2015-01-27 17:51:50'),
(556, 'Song of Prayer ~ Valefor', 10, 1, 505426, '0f75d1d5252e97a276df9cc3788c1c80', 96059, 44100, 'UTF-8', '0:42', '2015-01-27 17:51:51'),
(557, 'Summon', 10, 4, 466538, '63993ba1fe0afcc3637978631fb77937', 96064, 44100, 'UTF-8', '0:39', '2015-01-27 17:51:51'),
(558, 'The Daughter of a Great Summoner', 10, 1, 2709751, 'a794f749219b1bb075bbd120d5eeab6b', 96011, 44100, 'UTF-8', '3:46', '2015-01-27 17:51:51'),
(559, 'Good Night', 10, 1, 85276, 'd9ef4626ccf3f90839ff83b833744f96', 80247, 44100, 'UTF-8', '0:08', '2015-01-27 17:51:51'),
(560, 'Yuna''s Theme', 10, 1, 2530426, '8c08194bd3415b2350ccb2752db9619b', 96012, 44100, 'UTF-8', '3:31', '2015-01-27 17:53:12'),
(561, 'Omen', 10, 1, 2358951, '0c1e4b5890716790cfc6c4627dbd1fc4', 96013, 44100, 'UTF-8', '3:17', '2015-01-27 17:53:12'),
(562, 'Sending to Another Dimension', 10, 1, 1122025, 'a7c70e7129c0fb0a07053ea3ec279d63', 96027, 44100, 'UTF-8', '1:33', '2015-01-27 17:53:12'),
(563, 'The Silence Before the Storm', 10, 1, 2282802, 'c733a94b89a57802d65dc1f9f42b1e9b', 96013, 44100, 'UTF-8', '3:10', '2015-01-27 17:53:12'),
(564, 'Song of Prayer - Ifrit', 10, 1, 496961, '4dc8519f959c3cad5f0fe372b16e5c2d', 96061, 44100, 'UTF-8', '0:41', '2015-01-27 17:53:12'),
(565, 'Luca', 10, 4, 2656433, '41bd02e68d8d93d10cbaa917e3bec022', 96011, 44100, 'UTF-8', '3:41', '2015-01-27 17:53:12'),
(566, 'Welcome to the Eldery Maika', 10, 4, 914507, 'd97e8d8d8fb2a067bcaf927fab06fa56', 96033, 44100, 'UTF-8', '1:16', '2015-01-27 17:53:12'),
(567, 'Indefatigable Determination', 10, 4, 876264, 'a43e921fa1610fb28e4fbe95f024f559', 96034, 44100, 'UTF-8', '1:13', '2015-01-27 17:53:12'),
(568, 'The Splendid Performance', 10, 5, 2545172, '48a421ecdea13b4432fc8c0da43b1fe5', 96012, 44100, 'UTF-8', '3:32', '2015-01-27 17:53:12'),
(569, 'Faceoff', 10, 5, 1527633, '1ee0b68e9fb69d9296cca4a8f80c5cb1', 96020, 44100, 'UTF-8', '2:07', '2015-01-27 17:53:12'),
(570, 'Blitz Off', 10, 5, 3394658, '3480c59e6cced599bfee4dd90276e8f2', 128016, 44100, 'UTF-8', '3:32', '2015-01-27 17:53:12'),
(571, 'Auron''s Theme', 10, 1, 1974019, '6f20bb0ebdb1401f55b964492efc3426', 96015, 44100, 'UTF-8', '2:44', '2015-01-27 17:53:12'),
(572, 'Mihen Road', 10, 1, 2437638, '28caa43f0277b8cc48cad931726bb5e8', 96012, 44100, 'UTF-8', '3:23', '2015-01-27 17:53:12'),
(573, 'Brass de Chocobo', 10, 1, 2755188, '07a76f04f7720319992b232f226cedd3', 128019, 44100, 'UTF-8', '2:52', '2015-01-27 17:53:12'),
(574, 'Travel Beaureau', 10, 5, 2228872, '054d8a2d8ca5fb87fe7a1e0091750f7d', 96013, 44100, 'UTF-8', '3:06', '2015-01-27 17:53:13'),
(575, 'Authorised to pass', 10, 1, 852117, '03d5273b5a4ca5ab33f2516b4ec98dbf', 96035, 44100, 'UTF-8', '1:11', '2015-01-27 17:53:13'),
(576, 'Seymour''s Theme', 10, 1, 2234828, '68dbe1af6913a789864445183619388f', 96013, 44100, 'UTF-8', '3:06', '2015-01-27 17:53:13'),
(577, 'Gloom', 10, 4, 3370831, '8726b508fa8dc353c83b55d919a84b70', 96009, 44100, 'UTF-8', '4:41', '2015-01-27 17:53:13'),
(578, 'Djose Temple', 10, 1, 3177322, 'da00eb6e5db74013af7e1f94fa9462ac', 128017, 44100, 'UTF-8', '3:19', '2015-01-27 17:53:13'),
(579, 'Song of Prayer ~ Ixion', 10, 1, 491005, '24d6417aa9e987c9221c7f60df9bfc38', 96061, 44100, 'UTF-8', '0:41', '2015-01-27 17:53:13'),
(580, 'Ride Shiparf', 10, 1, 4046259, '575808417851d6e538c91a05a4917750', 128013, 44100, 'UTF-8', '4:13', '2015-01-27 17:53:13'),
(581, 'Rikku''s Theme', 10, 1, 2912233, '844aa0a6876483e5cd518ac83fd77e6a', 96010, 44100, 'UTF-8', '4:03', '2015-01-27 17:53:13'),
(582, 'Guadosalam', 10, 4, 2448609, '1a7e33e2c45e69066a91861c2424c797', 96012, 44100, 'UTF-8', '3:24', '2015-01-27 17:53:13'),
(583, 'Lightening Field', 10, 5, 2691588, '0e3e979a7c26bd7fd0dace416697d364', 96011, 44100, 'UTF-8', '3:44', '2015-01-27 17:55:10'),
(584, 'Ject''s Theme', 10, 1, 1845530, '6a0304d28cd085b6466241b15d3e49dc', 96016, 44100, 'UTF-8', '2:34', '2015-01-27 17:55:11'),
(585, 'Forest of Macalania', 10, 5, 2402572, '496d07173de5d8a9b3f554ed045ae33c', 96012, 44100, 'UTF-8', '3:20', '2015-01-27 17:55:11'),
(586, 'Sea of Mist', 10, 4, 1671240, '2ee8b9895e7c4b36e1aa85bc98496c97', 96018, 44100, 'UTF-8', '2:19', '2015-01-27 17:55:11'),
(587, 'Temple Marching Band', 10, 4, 1705731, '3dc7569c076456b284d8a4c21c164f47', 96018, 44100, 'UTF-8', '2:22', '2015-01-27 17:55:11'),
(588, 'Seymour''s Ambition', 10, 1, 2151273, 'bad7260e93bf7e5ee6f857b7a7765cee', 128025, 44100, 'UTF-8', '2:14', '2015-01-27 17:55:11'),
(589, 'Song of Prayer ~ Shiva', 10, 1, 498562, '78ce073fb6f90150d60469cd00853609', 96060, 44100, 'UTF-8', '0:41', '2015-01-27 17:55:11'),
(590, 'The Advancing Men', 10, 4, 1572816, 'deab64a9218483e9f4891d86c3934563', 96019, 44100, 'UTF-8', '2:11', '2015-01-27 17:55:11'),
(591, 'The Blazing Desert', 10, 5, 2716354, '91c3ce3a6164736c4808e2c45e6bdac8', 96011, 44100, 'UTF-8', '3:46', '2015-01-27 17:55:11'),
(592, 'Danger', 10, 5, 3894150, 'af157384b34cc714abb1533220042871', 128014, 44100, 'UTF-8', '4:03', '2015-01-27 17:55:11'),
(593, 'The Revealed Truth', 10, 1, 2958666, 'ca10bc685456a7e97d93b04016029600', 96010, 44100, 'UTF-8', '4:06', '2015-01-27 17:55:11'),
(594, 'Takeoff', 10, 5, 2510393, '4a27fe0050ccd81e92d168bfcee60dbd', 96012, 44100, 'UTF-8', '3:29', '2015-01-27 17:55:11'),
(595, 'Wedding', 10, 5, 871262, '33c40f5cd4e6e18fadcef6388bd56895', 96034, 44100, 'UTF-8', '1:13', '2015-01-27 17:55:12'),
(596, 'Assault', 10, 5, 2958968, 'a846bd8c885701aabdb87a872a70a998', 96010, 44100, 'UTF-8', '4:07', '2015-01-27 17:55:12'),
(597, 'Tragedy', 10, 5, 2918844, '3e3963f29a52e70679e2e99e12952696', 96010, 44100, 'UTF-8', '4:03', '2015-01-27 17:55:12'),
(598, 'I Can Fly', 10, 5, 1046180, 'ec419c2bb8b83e91dafe8e8abf9d3b96', 96029, 44100, 'UTF-8', '1:27', '2015-01-27 17:55:12'),
(599, 'The Road to Purgation', 10, 1, 1491789, 'b4d6676d03874610b8bc7a74146d8157', 80014, 44100, 'UTF-8', '2:29', '2015-01-27 17:55:12'),
(600, 'Song of Prayer ~ Bahamut', 10, 1, 501699, '3977a2bca2613f23cfdb99b1294ec3ec', 96060, 44100, 'UTF-8', '0:42', '2015-01-27 17:55:12'),
(601, 'The Time of Judgement', 10, 5, 2629212, '7cc944793dffd3f558df29708d27751c', 96011, 44100, 'UTF-8', '3:39', '2015-01-27 17:55:12'),
(602, 'The Man who Killed Father', 10, 1, 1948361, '8de10881cf7fc27642d3ce1900092b32', 96015, 44100, 'UTF-8', '2:42', '2015-01-27 17:55:12'),
(603, 'Suteki Da Ne', 10, 1, 4010036, '52b057d48df0377ca9f55635969ef38d', 96007, 44100, 'UTF-8', '5:34', '2015-01-27 17:55:12'),
(604, 'Yuna''s Decision', 10, 1, 2675286, '0e50b456586f12bb8f8d497860aec3e8', 96011, 44100, 'UTF-8', '3:43', '2015-01-27 17:56:48'),
(605, 'Lulu''s Theme', 10, 1, 2795656, '493ecf774c11967d880d912d35caed85', 96011, 44100, 'UTF-8', '3:53', '2015-01-27 17:56:49'),
(606, 'Forwards with Courage', 10, 1, 3295648, '82077822ec700a6953b20234a8139639', 128016, 44100, 'UTF-8', '3:26', '2015-01-27 17:56:49'),
(607, 'Song of Prayer ~ Yojimbo', 10, 1, 513297, '72681c11b5ad6065b6ce6ae5f8608b33', 96059, 44100, 'UTF-8', '0:43', '2015-01-27 17:56:49'),
(608, 'People of the North Pole', 10, 5, 3388438, '1cbc77024daf05439d8f45681dd36010', 96009, 44100, 'UTF-8', '4:42', '2015-01-27 17:56:49'),
(609, 'Song of Prayer ~ Ronzo Tribe', 10, 1, 515809, '0d6a814f20e7e72def88284427adb72c', 96058, 44100, 'UTF-8', '0:43', '2015-01-27 17:56:49'),
(610, 'Wandering', 10, 5, 3376511, '673e84b9594efb13ae608eb8fc85accf', 96009, 44100, 'UTF-8', '4:41', '2015-01-27 17:56:49'),
(611, 'A Dream that Will End some Time', 10, 1, 3176226, '049fdebb650a7d929ff556e239deea81', 96009, 44100, 'UTF-8', '4:25', '2015-01-27 17:56:49'),
(612, 'Song of Prayer ~ Yunaleska', 10, 1, 517374, 'bbb7e028bcccb356164bf4b885374baf', 96058, 44100, 'UTF-8', '0:43', '2015-01-27 17:56:49'),
(613, 'Challenge', 10, 5, 3105987, '09a5294cd90fad07b9ecc892a0cb5b63', 96010, 44100, 'UTF-8', '4:19', '2015-01-27 17:56:49'),
(614, 'At the End of Abyss', 10, 5, 3346115, 'cc30d0b7462b554f8c83db923b8111da', 96009, 44100, 'UTF-8', '4:39', '2015-01-27 17:56:49'),
(615, 'Dread', 10, 4, 3227296, '28878d290dfb39daa3a604387881929c', 96009, 44100, 'UTF-8', '4:29', '2015-01-27 17:56:49'),
(616, 'Song of Prayer ~ Spira', 10, 1, 524893, 'e0f0bcc1446130bbea95a453b5daa691', 96057, 44100, 'UTF-8', '0:44', '2015-01-27 17:56:49'),
(617, 'Dead People Smile', 10, 1, 2561499, '4b1b731df92a0c15861bafb4562edce8', 96012, 44100, 'UTF-8', '3:33', '2015-01-27 17:56:49'),
(618, 'Seymour Battle', 10, 1, 5550949, '211898c2e7e77ca97a8b0b78801a4be1', 128010, 44100, 'UTF-8', '5:47', '2015-01-27 17:56:49'),
(619, 'Song of Prayer ~ Anima', 10, 1, 516116, '3fa861ef3e2f05df89cdcc5a23d5f1ab', 96058, 44100, 'UTF-8', '0:43', '2015-01-27 17:56:49'),
(620, 'Summon Monster Battle', 10, 4, 4283390, 'ecc18ee7d30e3e99c1cdd009c4848477', 96007, 44100, 'UTF-8', '5:57', '2015-01-27 17:56:50'),
(621, 'The Final Battle', 10, 5, 4210974, '2f6b67e6b706b3222b996f2ef931b592', 96007, 44100, 'UTF-8', '5:51', '2015-01-27 17:56:50'),
(622, 'Ending Theme', 10, 1, 3962389, '8412acac406386925b24ca3e6f9a8b2a', 96008, 44100, 'UTF-8', '5:30', '2015-01-27 17:56:50'),
(623, 'Please Remember', 10, 1, 155881, '7dab75cd193bf169274e87c74073e886', 80134, 44100, 'UTF-8', '0:16', '2015-01-27 17:56:50'),
(624, 'Suteki da ne (Orchestral Version)', 10, 1, 4549851, 'd0e0393222ea08cf1efde54b9cce97be', 96007, 44100, 'UTF-8', '6:19', '2015-01-27 17:56:50'),
(625, 'Loop Demo', 11, 6, 2352939, '16e0e846d9f6934beb6c6dad94078b69', 192000, 44100, 'UTF-8', '1:36', '2015-01-27 17:59:06'),
(626, 'FINAL FANTASY ~FFXII Version~', 11, 6, 1890905, 'bd67fbe4695a9a1e7f1d22c46dd84124', 192000, 44100, 'UTF-8', '1:17', '2015-01-27 17:59:06'),
(627, 'Opening Movie (Theme of FINAL FANTASY XII)', 11, 6, 10060557, 'c5980b49d31e70c69f05c475a23b2425', 192000, 44100, 'UTF-8', '6:57', '2015-01-27 17:59:06'),
(628, 'Infiltration', 11, 6, 4591741, '9c76836155d9eb2c0404d42598970450', 192000, 44100, 'UTF-8', '3:09', '2015-01-27 17:59:07'),
(629, 'Boss Battle', 11, 6, 4933421, '07176dd6d89dc8ed5e99f38e77b40a7a', 192000, 44100, 'UTF-8', '3:24', '2015-01-27 17:59:07'),
(630, 'Auditory Hallucination', 11, 6, 4680776, '82ceccf7d9dd4ffc394b6c27ed94d276', 192000, 44100, 'UTF-8', '3:13', '2015-01-27 17:59:07'),
(631, 'Secret Practice', 11, 6, 3146650, '0c4186cb633ba4160e2c2796e15ee331', 192000, 44100, 'UTF-8', '2:09', '2015-01-27 17:59:07'),
(632, 'Small Happiness', 11, 6, 242042, 'b7b41c827be65c8afa9e576bafc66e93', 192000, 44100, 'UTF-8', '0:08', '2015-01-27 17:59:08'),
(633, 'Royal Capital Rabanastre / City Upper Ground', 11, 6, 7909533, 'c1d1a2f1d7abaa943abc36cfdf76a5e3', 192000, 44100, 'UTF-8', '5:28', '2015-01-27 17:59:08'),
(634, 'Penelo''s Theme', 11, 6, 4289558, 'fcef44d8fd1e82960dde2ec3dfd9ee96', 192000, 44100, 'UTF-8', '2:57', '2015-01-27 17:59:08'),
(635, 'The Dream to be a Sky Pirate', 11, 6, 890310, 'e2e1380e5431d27ba19e2ba4f20f10c5', 192000, 44100, 'UTF-8', '0:35', '2015-01-27 17:59:08'),
(636, 'Little Scoundrel', 11, 6, 4437518, '4b2ccd7fc56779b398f0195779943952', 192000, 44100, 'UTF-8', '3:03', '2015-01-27 17:59:09'),
(637, 'The Dalmasca Estersand', 11, 6, 5868825, '827cb3322ba587b9cbecb9da2a3383ab', 192000, 44100, 'UTF-8', '4:03', '2015-01-27 17:59:09'),
(638, 'Level Up!', 11, 6, 206928, '9a554b368e632a12a3cb0bada594d478', 192000, 44100, 'UTF-8', '0:07', '2015-01-27 17:59:09'),
(639, 'Naivety', 11, 6, 4396758, '7ee4118fde271ad8027bf86712edfa76', 192000, 44100, 'UTF-8', '3:01', '2015-01-27 17:59:09'),
(640, 'Coexistence (Imperial Version)', 11, 6, 4074534, 'c352eccf53ba71a2f3e072e1dd4a83c3', 192000, 44100, 'UTF-8', '2:48', '2015-01-27 17:59:10'),
(641, 'Signs of a Change', 11, 6, 3433163, '6ca6b82d9434dfcff9f2ae4faea7c9ea', 192000, 44100, 'UTF-8', '2:21', '2015-01-27 17:59:10'),
(642, 'Mission Start', 11, 6, 233890, '853d78545972355edc077003fc74f6fa', 192000, 44100, 'UTF-8', '0:08', '2015-01-27 17:59:11'),
(643, 'Rabanastre Downtown', 11, 6, 3896472, '87891377667e5cda2a2f6b4ba2ce90f0', 192000, 44100, 'UTF-8', '2:40', '2015-01-27 17:59:11'),
(644, 'Mission Failure', 11, 6, 352384, '827eae914d0d3d613d4ad21cdad285b9', 192000, 44100, 'UTF-8', '0:13', '2015-01-27 17:59:11'),
(645, 'A Quiet Decision', 11, 6, 5152228, 'e5bf89d02f28f6287a26fa2ee9efa45b', 192000, 44100, 'UTF-8', '3:33', '2015-01-27 17:59:11'),
(646, 'The Dalmasca Westersand', 11, 6, 2309067, '52f06fda128c998a5cc87878a94c2f03', 192000, 44100, 'UTF-8', '1:34', '2015-01-27 17:59:12'),
(647, 'Clan Headquarters', 11, 6, 4049444, '3c16d794df636c207607f3cb08ff8a83', 192000, 44100, 'UTF-8', '2:47', '2015-01-27 17:59:12'),
(648, 'Small Bargain', 11, 6, 259595, '2170cf948b2570563506d012aacb99e8', 192000, 44100, 'UTF-8', '0:09', '2015-01-27 17:59:12'),
(649, 'Giza Plains', 11, 6, 6830538, 'a9944aaba3958f23907e5679793f4041', 192000, 44100, 'UTF-8', '4:43', '2015-01-27 17:59:12'),
(650, 'Separation with Penelo', 11, 6, 781217, '56e37aeec9a95d26dcefe4028fe54312', 192000, 44100, 'UTF-8', '0:31', '2015-01-27 17:59:13'),
(651, 'The Garamscythe Waterway', 11, 6, 4245055, '934b7cf8a4b93d49c56e6f44694ff8d1', 192000, 44100, 'UTF-8', '2:55', '2015-01-27 17:59:13'),
(652, 'Omen', 11, 6, 4068239, '94c8be0ab10674ca3018556150632c51', 192000, 44100, 'UTF-8', '2:48', '2015-01-27 17:59:13'),
(653, 'Rebellion', 11, 6, 4293315, '7ca49923b9d32863e9b10e15caba486c', 192000, 44100, 'UTF-8', '2:57', '2015-01-27 17:59:13'),
(654, 'Nalbina Fortress Town Area', 11, 6, 3455741, '79a01bf550128af3c984979e1661ca4b', 192000, 44100, 'UTF-8', '2:22', '2015-01-27 17:59:14'),
(655, 'The Princess'' Vision', 11, 6, 4811804, '95ba234b3369f6cea5c3851f9f02ad78', 192000, 44100, 'UTF-8', '3:19', '2015-01-27 18:00:35'),
(656, 'A Flash of Blades', 11, 6, 3774217, '9d0e37fce600e3d1671ec083849b3954', 192000, 44100, 'UTF-8', '2:35', '2015-01-27 18:00:35'),
(657, 'Victory Fanfare ~FFXII Version~', 11, 6, 736086, 'ec7bcf6dfc2b64788271de8404873745', 192000, 44100, 'UTF-8', '0:29', '2015-01-27 18:00:35'),
(658, 'Abyss', 11, 6, 4955985, '80e82da71b92fedb5333dfd83bf557f6', 192000, 44100, 'UTF-8', '3:25', '2015-01-27 18:00:35'),
(659, 'Dark Clouds (Imperial Version)', 11, 6, 2937267, 'b380b38f4634c5b8cb230a78b537539b', 192000, 44100, 'UTF-8', '2:01', '2015-01-27 18:00:36'),
(660, 'Promise with Balthier', 11, 6, 930427, 'a45afa2cc026940bbff441071f409250', 192000, 44100, 'UTF-8', '0:37', '2015-01-27 18:00:36'),
(661, 'Game Over', 11, 6, 573687, 'ab1852791a838a61019c1303e9dc6066', 192000, 44100, 'UTF-8', '0:22', '2015-01-27 18:00:36'),
(662, 'Nalbina Fortress Underground Prison', 11, 6, 6640599, '9db098cdf1e3f6cc4577ccd95471c47e', 192000, 44100, 'UTF-8', '4:35', '2015-01-27 18:00:37'),
(663, 'The Barbarians', 11, 6, 3611210, 'a6af9aba672a01c232d48a6e85582d5c', 192000, 44100, 'UTF-8', '2:29', '2015-01-27 18:00:37'),
(664, 'Battle Drum', 11, 6, 4035018, 'b5bdfe6f26ab4d296a3eba62ebc43657', 192000, 44100, 'UTF-8', '2:46', '2015-01-27 18:00:37'),
(665, 'Theme of the Empire', 11, 6, 11324443, '085278664a12b49fa89bd4aa1660895c', 192000, 44100, 'UTF-8', '7:50', '2015-01-27 18:00:37'),
(666, 'Chocobo FFXII Arrange Ver.1', 11, 6, 4112774, 'bb1629a899b71be32a402080c3cba287', 192000, 44100, 'UTF-8', '2:50', '2015-01-27 18:00:38'),
(667, 'The Barheim Passage', 11, 6, 5601746, 'aeea43bce101d60bd74ede0426490ba8', 192000, 44100, 'UTF-8', '3:52', '2015-01-27 18:00:38'),
(668, 'Sorrow (Liberation Army Version)', 11, 6, 5224342, 'fb04c8a6f2045673ce89bd98533e5eba', 192000, 44100, 'UTF-8', '3:36', '2015-01-27 18:00:38'),
(669, 'Basch''s Reminiscence', 11, 6, 1413796, 'e3642a76f380c1ee962ef59df952ab4b', 192000, 44100, 'UTF-8', '0:57', '2015-01-27 18:00:39'),
(670, 'Coexistence (Liberation Army Version)', 11, 6, 4126577, '6af068f830f9fbf2b07f9a4c036890ca', 192000, 44100, 'UTF-8', '2:50', '2015-01-27 18:00:39'),
(671, 'The Skycity of Bhujerba', 11, 6, 5520875, '3a0a55b0f3fa2f20b3297045e2bff879', 192000, 44100, 'UTF-8', '3:48', '2015-01-27 18:00:39'),
(672, 'Secret of Nethicite', 11, 6, 4950357, '63f3bb21b9db695e799f5368cd8e3681', 192000, 44100, 'UTF-8', '3:24', '2015-01-27 18:00:39'),
(673, 'Dark Night (Imperial Version)', 11, 6, 2934758, 'd8ed64c855ef727c12af78340bf093f9', 192000, 44100, 'UTF-8', '2:00', '2015-01-27 18:00:40'),
(674, 'Speechless Fight', 11, 6, 3710269, '36afec39cdbed233087904e31465fb74', 192000, 44100, 'UTF-8', '2:33', '2015-01-27 18:00:40'),
(675, 'The Dreadnought Leviathan Bridge', 11, 6, 5660064, '0c66b34869335595dca8a9a4ea1b00d4', 192000, 44100, 'UTF-8', '3:54', '2015-01-27 18:00:40'),
(676, 'Challenging the Empire', 11, 6, 4822464, 'ebea0ddd1c5a76ad13401076329113f9', 192000, 44100, 'UTF-8', '3:19', '2015-01-27 18:00:41'),
(677, 'State of Emergency', 11, 6, 4742839, 'f97f7ff9660d72ecdd670e33e459cb5e', 192000, 44100, 'UTF-8', '3:16', '2015-01-27 18:00:41'),
(678, 'Agitation (Imperial Version)', 11, 6, 4685797, 'b23b9bc2b86beab4634e08d8553929a7', 192000, 44100, 'UTF-8', '3:13', '2015-01-27 18:00:41'),
(679, 'The Tomb of Raithwall', 11, 6, 5221196, 'b1d4b97ee010fe8be6ed7eb31a4cce73', 192000, 44100, 'UTF-8', '3:36', '2015-01-27 18:00:41'),
(680, 'The Sandsea', 11, 6, 3429395, '1c99dbed19b650a8c6835b761e7fb02a', 192000, 44100, 'UTF-8', '2:21', '2015-01-27 18:01:19'),
(681, 'Esper Battle', 11, 6, 4927153, '76b05051f2047824844a9355d85b0f54', 192000, 44100, 'UTF-8', '3:23', '2015-01-27 18:01:19'),
(682, 'Sorrow (Imperial Version)', 11, 6, 4102741, '882d68873472fe4f17afdd47766d222f', 192000, 44100, 'UTF-8', '2:49', '2015-01-27 18:01:19'),
(683, 'Seeking Power', 11, 6, 4683275, '280f39ac9bd0bc5ab95f70e34ac96eea', 192000, 44100, 'UTF-8', '3:13', '2015-01-27 18:01:20'),
(684, 'Fight to the Death', 11, 6, 3992393, 'fa705720f696db5ec05a9dcf96e82c35', 192000, 44100, 'UTF-8', '2:44', '2015-01-27 18:01:20'),
(685, 'Jahara, Land of the Garif', 11, 6, 7216746, '6a51275c0448bd1f1768f100de4389d4', 192000, 44100, 'UTF-8', '4:59', '2015-01-27 18:01:20'),
(686, 'Ozmone Plain', 11, 6, 3646944, 'f5f05f031488a904d692d4ac17d19bf9', 192000, 44100, 'UTF-8', '2:30', '2015-01-27 18:01:20'),
(687, 'The Golmore Jungle', 11, 6, 5566636, '270f42ec7b54b0ce00ebb303e1a31be2', 192000, 44100, 'UTF-8', '3:50', '2015-01-27 18:01:21'),
(688, 'Eruyt Village', 11, 6, 6122726, '9d4c1f056e5c51f6a1c6c8ba4ba87fe9', 192000, 44100, 'UTF-8', '4:13', '2015-01-27 18:01:21'),
(689, 'You''re Really a Child...', 11, 6, 369947, '03467aaac67ddf470afff10df82ba91f', 192000, 44100, 'UTF-8', '0:14', '2015-01-27 18:01:21'),
(690, 'Chocobo ~FFXII Version~', 11, 6, 3013120, 'c2e8793757f566a88bac06e56d272784', 192000, 44100, 'UTF-8', '2:04', '2015-01-27 18:01:21'),
(691, 'An Imminent Threat', 11, 6, 3994901, '5e2b878a12b90932934adc54b1b9d823', 192000, 44100, 'UTF-8', '2:45', '2015-01-27 18:01:22'),
(692, 'Clash on the Big Bridge ~FFXII Version~', 11, 6, 4030657, '1f9aa329bbff083d963e7c4d5adc5a3e', 192000, 44100, 'UTF-8', '2:46', '2015-01-27 18:01:22'),
(693, 'Abandoning Power', 11, 6, 3795532, '3dde5117b333c4712b7c9d47e8b495bb', 192000, 44100, 'UTF-8', '2:36', '2015-01-27 18:01:22'),
(694, 'The Stilshrine of Miriam', 11, 6, 4935942, '8ba1224dac273d3e528e7d0ca8acc9a9', 192000, 44100, 'UTF-8', '3:24', '2015-01-27 18:01:22'),
(695, 'Time for Rest', 11, 6, 3167964, 'f0f805eea5bccc223662b76a5574c46c', 192000, 44100, 'UTF-8', '2:10', '2015-01-27 18:01:23'),
(696, 'White Room', 11, 6, 5434971, '9a4b5afadf49f05a4e7d0467a821c28f', 192000, 44100, 'UTF-8', '3:45', '2015-01-27 18:01:23'),
(697, 'The Salikawood', 11, 6, 3823116, 'aaab605306bd70ea1edfb17ecd8b7cf5', 192000, 44100, 'UTF-8', '2:37', '2015-01-27 18:01:23'),
(698, 'The Phon Coast', 11, 6, 5770387, '099cbe347a3b54971bb090c91eb48f2f', 192000, 44100, 'UTF-8', '3:59', '2015-01-27 18:01:23'),
(699, 'Destiny', 11, 6, 4312121, '3a87d3f8f90bc760a2616856e0c89425', 192000, 44100, 'UTF-8', '2:58', '2015-01-27 18:01:24'),
(700, 'The Sochen Cave Palace', 11, 6, 5298311, 'f4a56440a17f04d4f6eedbb3ae6835b6', 192000, 44100, 'UTF-8', '3:39', '2015-01-27 18:01:24'),
(701, 'Momentary Relief', 11, 6, 6563467, 'f008a717807a1373e512ae2e5b928ec7', 192000, 44100, 'UTF-8', '4:32', '2015-01-27 18:01:25'),
(702, 'Neighbourhood of Water', 11, 6, 4662595, 'c1f3f2800f1934087b3e4a2547816ff6', 192000, 44100, 'UTF-8', '3:12', '2015-01-27 18:01:25'),
(703, 'The Mosphoran Highwaste', 11, 6, 4124055, 'db086f0f17697d1f7c81fcef2294d526', 192000, 44100, 'UTF-8', '2:50', '2015-01-27 18:01:25'),
(704, 'The Cerobi Steppe', 11, 6, 4680144, 'b4ce4d474939a4f969383af37c1ef1af', 192000, 44100, 'UTF-8', '3:13', '2015-01-27 18:01:48'),
(705, 'Esper', 11, 6, 4004919, '174a7f207f2ee98a637819dcc5e24eea', 192000, 44100, 'UTF-8', '2:45', '2015-01-27 18:01:49'),
(706, 'The Port City of Balfonheim', 11, 6, 3263899, '520bf4a41de676c1ac454d642e4f745e', 192000, 44100, 'UTF-8', '2:14', '2015-01-27 18:01:49'),
(707, 'Nap', 11, 6, 385599, 'ddc54346faf5f252f70cf521b5983e40', 192000, 44100, 'UTF-8', '0:14', '2015-01-27 18:01:49'),
(708, 'The Zertinan Caverns', 11, 6, 4912741, '861c85dd8b3343c7d2f230e511fe707c', 192000, 44100, 'UTF-8', '3:23', '2015-01-27 18:01:49'),
(709, 'A Land of Memories', 11, 6, 5830578, '8466b220761c0e451ccd7f7f6cb36748', 192000, 44100, 'UTF-8', '4:01', '2015-01-27 18:01:50'),
(710, 'The Forgotten Capital', 11, 6, 6199848, 'b95a648c0006a632f469e7d3c10e91ce', 192000, 44100, 'UTF-8', '4:16', '2015-01-27 18:01:50'),
(711, 'The Feywood', 11, 6, 6157206, 'a0e90c5c726ba1a3898a3d078657d1b1', 192000, 44100, 'UTF-8', '4:15', '2015-01-27 18:01:50'),
(712, 'Ashe''s Theme', 11, 6, 7974702, '7fc8263afff2b6474f19079a17e7dd22', 192000, 44100, 'UTF-8', '5:30', '2015-01-27 18:01:50'),
(713, 'Giruvegan''s Mystery', 11, 6, 3884561, '915ac439a628596f3dc1de018fd76a19', 192000, 44100, 'UTF-8', '2:40', '2015-01-27 18:01:51'),
(714, 'To the Place of Gods', 11, 6, 4952865, '0cced3c276b2767756d4c90f397174ca', 192000, 44100, 'UTF-8', '3:25', '2015-01-27 18:01:51'),
(715, 'Beginning of the End', 11, 6, 5263827, 'dcc9978e4c6f903cd5366bd7d1a30f22', 192000, 44100, 'UTF-8', '3:37', '2015-01-27 18:01:51'),
(716, 'To the Summit', 11, 6, 2684594, 'e87d15a240ba8072f8cd0d2d5330a4e3', 192000, 44100, 'UTF-8', '1:50', '2015-01-27 18:01:51'),
(717, 'The Sky Fortress Bahamut', 11, 6, 4886435, 'b081df4526ec2cabf8283603cd1f1e64', 192000, 44100, 'UTF-8', '3:22', '2015-01-27 18:01:52'),
(718, 'Shaking Bahamut', 11, 6, 1050166, 'd3ced7e1e1857cf50420de9f1311f727', 192000, 44100, 'UTF-8', '0:42', '2015-01-27 18:01:52'),
(719, 'Battle for Freedom', 11, 6, 12806525, 'bcf2cbfda7c9b7f3564efa1baaade6d2', 192000, 44100, 'UTF-8', '8:52', '2015-01-27 18:01:52'),
(720, 'The End of Battle', 11, 6, 1821303, '5f70f025c9969ea4b164d97670d68d0e', 192000, 44100, 'UTF-8', '1:14', '2015-01-27 18:01:53'),
(721, 'Ending Movie', 11, 6, 9153974, '06fc64c6516e485daca2c933bebe7844', 192000, 44100, 'UTF-8', '6:20', '2015-01-27 18:01:53'),
(722, 'Kiss Me Good-Bye -featured in FINAL FANTASY XII-', 11, 6, 7231816, '7435b62363713508c8ce8133a7c16aea', 192000, 44100, 'UTF-8', '4:59', '2015-01-27 18:01:53'),
(723, 'Theme of FINAL FANTASY XII (Presentation Version)', 11, 6, 4508395, 'aad6b908a1d566e3d8e0e3a62e144cd7', 192000, 44100, 'UTF-8', '3:06', '2015-01-27 18:01:54'),
(724, 'Symphonic Poem ', 11, 6, 5677009, '8719ca6c305a1d0c13b5086b0318d51b', 192000, 44100, 'UTF-8', '3:55', '2015-01-27 18:01:54'),
(725, 'Prelude to FINAL FANTASY XIII', 12, 5, 7023012, 'a7be6f4a85a88194521f1ecddafc4823', 320000, 44100, 'UTF-8', '2:55', '2015-01-27 18:05:09'),
(726, 'FINAL FANTASY XIII - The Promise', 12, 5, 3713814, '4d1635e6f4f8deb5dff8c0161fbf3e0e', 320000, 44100, 'UTF-8', '1:33', '2015-01-27 18:05:10'),
(727, 'The Thirteenth Day', 12, 5, 2146444, 'e8c2173e94de328b55935cf3514363cc', 320000, 44100, 'UTF-8', '0:54', '2015-01-27 18:05:10'),
(728, 'Defiers of Fate', 12, 5, 5758667, 'b31d1f2c47dde68ebfe1b1591af7f8d2', 320000, 44100, 'UTF-8', '2:24', '2015-01-27 18:05:10'),
(729, 'Saber''s Edge', 12, 5, 7746066, '5f65fc3dd180d5fd185d439503262b32', 320000, 44100, 'UTF-8', '3:14', '2015-01-27 18:05:10'),
(730, 'The Hanging Edge', 12, 5, 8227776, 'bc96938417c327ea2a72d2e3e6f8bac6', 320000, 44100, 'UTF-8', '3:26', '2015-01-27 18:05:10'),
(731, 'Those For the Purge', 12, 5, 7399165, '88dc2191488537c4265214d4ced07e81', 320000, 44100, 'UTF-8', '3:05', '2015-01-27 18:05:10'),
(732, 'The Warpath Home', 12, 5, 8498392, '91af6a79606c44f57823b47ea91c582d', 320000, 44100, 'UTF-8', '3:32', '2015-01-27 18:05:10'),
(733, 'The Pulse Fal''Cie', 12, 5, 2926996, '8e11bb73d852271aa3d3dd8113b91f78', 320000, 44100, 'UTF-8', '1:13', '2015-01-27 18:05:10'),
(734, 'Face It Later', 12, 5, 2192434, '36a355ab3b8e09ebea0bf4ccf002951a', 320000, 44100, 'UTF-8', '0:55', '2015-01-27 18:05:10'),
(735, 'Snow''s Theme', 12, 5, 9111748, 'c91f6125c7b16b866effc40128d43221', 320000, 44100, 'UTF-8', '3:48', '2015-01-27 18:05:11'),
(736, 'The Vestige', 12, 5, 6725186, '3cefcac6f88cfe006f5bb19b9f21593c', 320000, 44100, 'UTF-8', '2:48', '2015-01-27 18:05:11'),
(737, 'Ragnarok', 12, 5, 9067856, '043210ef08c0396bc35d1d86e385d470', 320000, 44100, 'UTF-8', '3:47', '2015-01-27 18:05:11'),
(738, 'In the Sky That Night', 12, 5, 3364803, 'd7c37a0c3438a28c372d49a6870566a9', 320000, 44100, 'UTF-8', '1:24', '2015-01-27 18:05:11'),
(739, 'Promised Eternity', 12, 5, 5767024, '6eaf5db340bcb146b6a3a409aa6085ab', 320000, 44100, 'UTF-8', '2:24', '2015-01-27 18:05:11'),
(740, 'Eternal Love (Short Version)', 12, 10, 8278972, '34c9eea4206e7648f666750412e2fd93', 320000, 44100, 'UTF-8', '3:27', '2015-01-27 18:05:11'),
(741, 'Lake Bresha', 12, 5, 10060507, '307127db82b6126f247dffc091e218e3', 320000, 44100, 'UTF-8', '4:11', '2015-01-27 18:05:11'),
(742, 'The Pulse L''Cie', 12, 5, 3895618, 'd8d43728ae8473cfb2ca848a566383b8', 320000, 44100, 'UTF-8', '1:37', '2015-01-27 18:05:11'),
(743, 'Eidolons', 12, 5, 6814006, 'ce5c7db7bd73da60202367301113e413', 320000, 44100, 'UTF-8', '2:50', '2015-01-27 18:05:11'),
(744, 'Blinded By Light', 12, 5, 7001038, '0546dfa608ca2fcae8e3206813d96313', 320000, 44100, 'UTF-8', '2:55', '2015-01-27 18:05:37'),
(745, 'Glory''s Fanfare', 12, 5, 327299, '58036fb6e876b394c21d761b79c2f863', 320000, 44100, 'UTF-8', '0:08', '2015-01-27 18:05:37'),
(746, 'Battle Results', 12, 5, 3004319, 'b827228e5d63653f5ec575e29af6b8ad', 320000, 44100, 'UTF-8', '1:15', '2015-01-27 18:05:37'),
(747, 'A Brief Respite', 12, 5, 5129641, '0c87b4d8a525b6177168e28b89c92deb', 320000, 44100, 'UTF-8', '2:08', '2015-01-27 18:05:37'),
(748, 'Cavalry Theme', 12, 5, 6311421, '8c11d5ea4dba97d265eb6938b4788144', 320000, 44100, 'UTF-8', '2:38', '2015-01-27 18:05:37'),
(749, 'Escape', 12, 5, 4763912, '0b497f5963999aca70a75ef40b449f6d', 320000, 44100, 'UTF-8', '1:59', '2015-01-27 18:05:37'),
(750, 'Crash Landing', 12, 5, 2575895, 'bf317c2b1f9862294b0dbf98220918f3', 320000, 44100, 'UTF-8', '1:04', '2015-01-27 18:05:37'),
(751, 'Daddy''s Got the Blues', 12, 5, 10706261, '10b3fbeaa52208b67ce8ecd299f03769', 320000, 44100, 'UTF-8', '4:28', '2015-01-27 18:05:38'),
(752, 'The Vile Peaks', 12, 5, 7297819, '5b02306c90393c2c30d0a3244506f730', 320000, 44100, 'UTF-8', '3:02', '2015-01-27 18:05:38'),
(753, 'Lightning''s Theme', 12, 5, 5845406, '80aa61f3101bc1f740b794917cea4fb1', 320000, 44100, 'UTF-8', '2:26', '2015-01-27 18:05:38'),
(754, 'Sazh''s Theme', 12, 5, 8212091, '6dcf52e829891fc014e786b346df520c', 320000, 44100, 'UTF-8', '3:25', '2015-01-27 18:05:38'),
(755, 'March of the Dreadnoughts', 12, 5, 6049164, '7eb0117976fe9511130121782f4ae75e', 320000, 44100, 'UTF-8', '2:31', '2015-01-27 18:05:38'),
(756, 'The Gapra Whitewood', 12, 5, 6601897, '8313d96fb0e777bc212aa9dcb2b17d12', 320000, 44100, 'UTF-8', '2:45', '2015-01-27 18:05:38'),
(757, 'Tension in the Air', 12, 5, 8328060, '8f1064e37f50c5d33a65deb370fc9d0d', 320000, 44100, 'UTF-8', '3:28', '2015-01-27 18:05:38'),
(758, 'Forever Fugitives', 12, 5, 4399255, 'b8926e784a09ef779f4d77967ddc3048', 320000, 44100, 'UTF-8', '1:50', '2015-01-27 18:05:38'),
(759, 'The Sunleth Waterscape', 12, 5, 9063680, '2cd81e4fdf6d54ba0da06186e9c6ea94', 320000, 44100, 'UTF-8', '3:46', '2015-01-27 18:05:39'),
(760, 'Lost Hope', 12, 5, 7117035, '5e6e729cfb51079b88c676757f43a893', 320000, 44100, 'UTF-8', '2:58', '2015-01-27 18:05:39'),
(761, 'To Hunt L''Cie', 12, 5, 6413819, '09ebc9e9aeb67b9376cb67105769c119', 320000, 44100, 'UTF-8', '2:40', '2015-01-27 18:05:39'),
(762, 'No Way to Live', 12, 5, 4978129, '0532a09c00e63f408bc700b3d96a28b0', 320000, 44100, 'UTF-8', '2:04', '2015-01-27 18:05:39'),
(763, 'Sustained by Hate', 12, 5, 6327089, '79d03404701db71654d853c740a7f293', 320000, 44100, 'UTF-8', '2:38', '2015-01-27 18:05:39'),
(764, 'The Pulse L''Cie', 12, 5, 10067837, 'cde8b106812b45edf957a396237eb154', 320000, 44100, 'UTF-8', '4:12', '2015-01-27 18:05:39'),
(765, 'Serah''s Theme', 12, 5, 3630211, '6b6347d4aa2331820cbf9ef219c4d08b', 320000, 44100, 'UTF-8', '1:31', '2015-01-27 18:05:39'),
(766, 'Can''t Catch a Break', 12, 5, 12790837, 'd5bec3e86d2252f15b50f6b431fb290f', 320000, 44100, 'UTF-8', '5:20', '2015-01-27 18:05:49'),
(767, 'PSICOM', 12, 5, 2487079, '5d419ef980b3511cb1819874e533d395', 320000, 44100, 'UTF-8', '1:02', '2015-01-27 18:05:49'),
(768, 'Hope''s Theme', 12, 5, 8423159, '8dc983c28a4b5cddff59c449f0b2a94d', 320000, 44100, 'UTF-8', '3:30', '2015-01-27 18:05:49');
INSERT INTO `vgbt_extracts` (`id`, `name`, `game_id`, `composer_id`, `size`, `md5`, `bitrate`, `sample_rate`, `encoding`, `play_time`, `date`) VALUES
(769, 'This Is Your Home', 12, 5, 5458790, 'e2ddd03a7657240a80227b7548c03275', 320000, 44100, 'UTF-8', '2:16', '2015-01-27 18:05:49'),
(770, 'Atonement', 12, 5, 10546377, '354a5d4a31bef0c6a5df195ad7d103e3', 320000, 44100, 'UTF-8', '4:24', '2015-01-27 18:05:49'),
(771, 'Vanille''s Theme', 12, 5, 7192273, 'af04d44b9953324f33206ec06cf660ac', 320000, 44100, 'UTF-8', '3:00', '2015-01-27 18:05:49'),
(772, 'The Final Stage', 12, 5, 1686687, '8d1ac6cef52b2a2a3b1650837069c945', 320000, 44100, 'UTF-8', '0:42', '2015-01-27 18:05:49'),
(773, 'The Pompa Sancta', 12, 5, 5275929, '864fb8c8a09be1716004092182eb664e', 320000, 44100, 'UTF-8', '2:12', '2015-01-27 18:05:50'),
(774, 'Nautilus', 12, 5, 11916259, '7c8b94a5e0701022a9ca6ccbdd132acb', 320000, 44100, 'UTF-8', '4:58', '2015-01-27 18:05:50'),
(775, 'Chocobos of Cocoon - Chasing Dreams', 12, 5, 7089901, '7cbddf8652dcb1c7076323d09e953eeb', 320000, 44100, 'UTF-8', '2:57', '2015-01-27 18:05:50'),
(776, 'Feast of Betrayal', 12, 5, 7867269, '9e30116ab0153609c17067f5d2a5287e', 320000, 44100, 'UTF-8', '3:17', '2015-01-27 18:05:50'),
(777, 'Eidolons on Parade', 12, 5, 8646763, '7e15a5aa23c4cc38fcc07f2550b8e61c', 320000, 44100, 'UTF-8', '3:36', '2015-01-27 18:05:50'),
(778, 'Test of the L''Cie', 12, 5, 5708510, '8bcd61518eaeb76c49d116c70080a0b8', 320000, 44100, 'UTF-8', '2:23', '2015-01-27 18:05:50'),
(779, 'All the World Against Us', 12, 5, 3062825, '3844809418a56d63fe24e80a995449b2', 320000, 44100, 'UTF-8', '1:16', '2015-01-27 18:05:50'),
(780, 'Game Over', 12, 5, 2993871, '40929248addf3d3d3e50e40d09e08d59', 320000, 44100, 'UTF-8', '1:15', '2015-01-27 18:05:50'),
(781, 'Primarch Dysley', 12, 5, 7305126, '6739ebf30c7af4ba604ca841006a29ec', 320000, 44100, 'UTF-8', '3:03', '2015-01-27 18:05:50'),
(782, 'Fighting Fate', 12, 5, 5914357, 'c9f2598c3a057bd6fa7c87650193262c', 320000, 44100, 'UTF-8', '2:28', '2015-01-27 18:05:51'),
(783, 'Separate Paths', 12, 5, 6470246, '64a2447d9c723ed2208ce54f6dc6757c', 320000, 44100, 'UTF-8', '2:42', '2015-01-27 18:05:51'),
(784, 'Setting You Free', 12, 5, 5477590, 'd7de53ce5fdbe8fd4a0421e734c59df1', 320000, 44100, 'UTF-8', '2:17', '2015-01-27 18:05:51'),
(785, 'Desperate Struggle', 12, 5, 9179652, '0664dbda88a80bd5b2cea8311d526ed5', 320000, 44100, 'UTF-8', '3:49', '2015-01-27 18:05:51'),
(786, 'Mysteries Abound', 12, 5, 6428435, 'df47025cfe2a7f63e5f26f1cab958787', 320000, 44100, 'UTF-8', '2:41', '2015-01-27 18:05:51'),
(787, 'Will to Fight', 12, 5, 10448167, '99aa13a9a57866f949b0e7f1066f06af', 320000, 44100, 'UTF-8', '4:21', '2015-01-27 18:05:51'),
(788, 'Fang''s Theme', 12, 5, 8450330, 'eba8b53179bc3f93952440f6687cdf26', 320000, 44100, 'UTF-8', '3:31', '2015-01-27 18:06:22'),
(789, 'Terra Incognita', 12, 5, 5523578, 'e44e77d86ad6acac7e7ffc9d9f4f2de6', 320000, 44100, 'UTF-8', '2:18', '2015-01-27 18:06:22'),
(790, 'The Archylte Steppe', 12, 5, 10592377, '4df57fbecc42564a2e80b13ea608fbe6', 320000, 44100, 'UTF-8', '4:25', '2015-01-27 18:06:23'),
(791, 'Chocobos of Pulse', 12, 5, 10343685, '0f29d923dbcd6f990578ffe1bf6badd7', 320000, 44100, 'UTF-8', '4:18', '2015-01-27 18:06:23'),
(792, 'The Yaschas Massif', 12, 5, 5225766, '452cb127623bf127111a7166c7f82a38', 320000, 44100, 'UTF-8', '2:11', '2015-01-27 18:06:23'),
(793, 'Memories of Happier Days', 12, 5, 7740838, '1e06398f84c3bef5cf6f9bd17f6f5c27', 320000, 44100, 'UTF-8', '3:13', '2015-01-27 18:06:23'),
(794, 'Sulyya Springs', 12, 5, 8192231, '36fb5549d3a15b4eee821318d809449a', 320000, 44100, 'UTF-8', '3:25', '2015-01-27 18:06:23'),
(795, 'Taejin''s Tower', 12, 5, 7531861, 'd2b8bc07750b805219ebad2d0ba23ec7', 320000, 44100, 'UTF-8', '3:08', '2015-01-27 18:06:23'),
(796, 'Dust to Dust', 12, 5, 9152495, 'fb2bf217f1172e4fcd87e338e345fff3', 320000, 44100, 'UTF-8', '3:49', '2015-01-27 18:06:23'),
(797, 'The Road Home', 12, 5, 2674117, '6cdfc28d851179b8a955ba59d4043bf9', 320000, 44100, 'UTF-8', '1:07', '2015-01-27 18:06:23'),
(798, 'Start Your Engines', 12, 5, 8115960, '101ede05eb34e0ff9eded204432fb454', 320000, 44100, 'UTF-8', '3:23', '2015-01-27 18:06:23'),
(799, 'Eden Under Siege', 12, 5, 6141100, '7286c39dca0572bd4ee51577c25c61aa', 320000, 44100, 'UTF-8', '2:33', '2015-01-27 18:06:23'),
(800, 'The Cradle Will Fall', 12, 5, 9534926, '6a39eaca96f00f6067054f5cecd19c74', 320000, 44100, 'UTF-8', '3:58', '2015-01-27 18:06:23'),
(801, 'Born Anew', 12, 5, 7146280, 'f943c5298a80da628357ba7c00a06f89', 320000, 44100, 'UTF-8', '2:59', '2015-01-27 18:06:23'),
(802, 'Sinful Hope', 12, 5, 8966501, '5264c0442e06d0383cd7a47626f0c3a1', 320000, 44100, 'UTF-8', '3:44', '2015-01-27 18:06:23'),
(803, 'Fabula Nova Crystallis', 12, 5, 6400263, '25350dd2cf28800ab6e306d6e8505bc9', 320000, 44100, 'UTF-8', '2:40', '2015-01-27 18:06:24'),
(804, 'FINAL FANTASY XIII - Miracles', 12, 5, 6768052, '662ad97813355c1eedc7613a776d6d78', 320000, 44100, 'UTF-8', '2:49', '2015-01-27 18:06:24'),
(805, 'Focus', 12, 5, 5628043, '9b9bf1e768d206ab2c54ac8b0aaf0d70', 320000, 44100, 'UTF-8', '2:21', '2015-01-27 18:06:24'),
(806, 'Nascent Requiem', 12, 5, 12129417, '4f854b6ab3d93bd576740aebb8feb2cf', 320000, 44100, 'UTF-8', '5:03', '2015-01-27 18:06:24'),
(807, 'Determination', 12, 5, 8080419, 'f3149a8375a03f5d824646279969c978', 320000, 44100, 'UTF-8', '3:22', '2015-01-27 18:06:24'),
(808, 'Kimi ga Irukara(Long Version)', 12, 10, 15297556, 'e42fe350bcca05ddd7213dc6f1c4d473', 320000, 44100, 'UTF-8', '6:22', '2015-01-27 18:06:24'),
(809, 'Ending Credits', 12, 5, 11301860, 'c3c94d0aa8dd286cf6e0fb08294f12e9', 320000, 44100, 'UTF-8', '4:42', '2015-01-27 18:06:24');

-- --------------------------------------------------------

--
-- Structure de la table `vgbt_extract_album_links`
--

CREATE TABLE IF NOT EXISTS `vgbt_extract_album_links` (
  `extract_id` int(11) NOT NULL,
  `album_id` int(11) NOT NULL,
  `disc_number` tinyint(11) unsigned NOT NULL DEFAULT '1',
  `track_number` tinyint(11) unsigned NOT NULL,
  PRIMARY KEY (`extract_id`,`album_id`,`disc_number`,`track_number`),
  KEY `album_id` (`album_id`)
) ENGINE=InnoDB DEFAULT CHARSET=utf8 COLLATE=utf8_bin;

--
-- Contenu de la table `vgbt_extract_album_links`
--

INSERT INTO `vgbt_extract_album_links` (`extract_id`, `album_id`, `disc_number`, `track_number`) VALUES
(6, 1, 1, 1),
(7, 1, 1, 2),
(8, 1, 1, 3),
(9, 1, 1, 4),
(10, 1, 1, 5),
(11, 1, 1, 6),
(12, 1, 1, 7),
(13, 1, 1, 8),
(14, 1, 1, 9),
(15, 1, 1, 10),
(16, 1, 1, 11),
(17, 1, 1, 12),
(18, 1, 1, 13),
(19, 1, 1, 14),
(20, 1, 1, 15),
(21, 1, 1, 16),
(22, 1, 1, 17),
(23, 1, 1, 18),
(24, 1, 1, 19),
(25, 1, 1, 20),
(534, 1, 1, 1),
(535, 1, 1, 2),
(536, 1, 1, 3),
(537, 1, 1, 4),
(538, 1, 1, 5),
(539, 1, 1, 6),
(540, 1, 1, 7),
(541, 1, 1, 8),
(542, 1, 1, 9),
(543, 1, 1, 10),
(544, 1, 1, 11),
(545, 1, 1, 12),
(546, 1, 1, 13),
(547, 1, 1, 14),
(548, 1, 1, 15),
(549, 1, 1, 16),
(550, 1, 1, 17),
(551, 1, 1, 18),
(552, 1, 1, 19),
(553, 1, 1, 20),
(554, 1, 1, 21),
(555, 1, 1, 22),
(556, 1, 1, 23),
(557, 1, 1, 24),
(558, 1, 1, 25),
(559, 1, 1, 26),
(26, 2, 1, 1),
(27, 2, 1, 2),
(28, 2, 1, 3),
(29, 2, 1, 4),
(30, 2, 1, 5),
(31, 2, 1, 6),
(32, 2, 1, 7),
(33, 2, 1, 8),
(34, 2, 1, 9),
(35, 2, 1, 10),
(36, 2, 1, 11),
(37, 2, 1, 12),
(38, 2, 1, 13),
(39, 2, 1, 14),
(40, 2, 1, 15),
(41, 2, 1, 16),
(42, 2, 1, 17),
(43, 2, 1, 18),
(44, 2, 1, 19),
(45, 2, 1, 20),
(46, 2, 1, 21),
(47, 2, 1, 22),
(48, 2, 1, 23),
(49, 4, 1, 1),
(50, 4, 1, 2),
(51, 4, 1, 3),
(52, 4, 1, 4),
(53, 4, 1, 5),
(54, 4, 1, 6),
(55, 4, 1, 7),
(56, 4, 1, 8),
(57, 4, 1, 9),
(58, 4, 1, 10),
(59, 4, 1, 11),
(60, 4, 1, 12),
(61, 4, 1, 13),
(62, 4, 1, 14),
(63, 4, 1, 15),
(64, 4, 1, 16),
(65, 4, 1, 17),
(66, 4, 1, 18),
(67, 4, 1, 19),
(68, 4, 1, 20),
(69, 4, 1, 21),
(70, 4, 1, 22),
(71, 4, 1, 23),
(72, 4, 1, 24),
(73, 4, 1, 25),
(74, 4, 1, 26),
(75, 4, 1, 27),
(76, 4, 1, 28),
(77, 4, 1, 29),
(78, 4, 1, 30),
(79, 4, 1, 31),
(80, 4, 1, 32),
(81, 4, 1, 33),
(82, 4, 1, 34),
(83, 4, 1, 35),
(84, 4, 1, 36),
(85, 4, 1, 37),
(86, 4, 1, 38),
(87, 4, 1, 39),
(88, 4, 1, 40),
(89, 4, 1, 41),
(90, 4, 1, 42),
(91, 4, 1, 43),
(92, 4, 1, 44),
(93, 5, 1, 1),
(94, 5, 1, 2),
(95, 5, 1, 3),
(96, 5, 1, 4),
(97, 5, 1, 5),
(98, 5, 1, 6),
(99, 5, 1, 7),
(100, 5, 1, 8),
(101, 5, 1, 9),
(102, 5, 1, 10),
(103, 5, 1, 11),
(104, 5, 1, 12),
(105, 5, 1, 13),
(106, 5, 1, 14),
(107, 5, 1, 15),
(108, 5, 1, 16),
(109, 5, 1, 17),
(110, 5, 1, 18),
(111, 5, 1, 19),
(112, 5, 1, 20),
(113, 5, 1, 21),
(114, 5, 1, 22),
(115, 5, 1, 23),
(116, 5, 1, 24),
(117, 5, 1, 25),
(118, 5, 1, 26),
(119, 5, 1, 27),
(120, 5, 1, 28),
(121, 5, 1, 29),
(122, 5, 1, 30),
(123, 5, 1, 31),
(124, 5, 1, 32),
(125, 5, 1, 33),
(126, 5, 1, 34),
(127, 5, 1, 35),
(128, 5, 1, 36),
(129, 5, 1, 37),
(130, 5, 1, 38),
(131, 5, 1, 39),
(132, 5, 1, 40),
(133, 5, 1, 41),
(134, 5, 1, 42),
(135, 5, 1, 43),
(136, 5, 1, 44),
(137, 7, 1, 1),
(138, 7, 1, 2),
(139, 7, 1, 3),
(140, 7, 1, 4),
(141, 7, 1, 5),
(142, 7, 1, 6),
(143, 7, 1, 7),
(144, 7, 1, 8),
(145, 7, 1, 9),
(146, 7, 1, 10),
(147, 7, 1, 11),
(148, 7, 1, 12),
(149, 7, 1, 13),
(150, 7, 1, 14),
(151, 7, 1, 15),
(152, 7, 1, 16),
(153, 7, 1, 17),
(154, 7, 1, 18),
(155, 7, 1, 19),
(156, 7, 1, 20),
(157, 7, 1, 21),
(158, 7, 1, 22),
(159, 7, 1, 23),
(160, 7, 1, 24),
(161, 7, 1, 25),
(162, 7, 1, 26),
(163, 7, 1, 27),
(164, 7, 1, 28),
(165, 7, 1, 29),
(166, 7, 1, 30),
(167, 7, 1, 31),
(168, 7, 1, 32),
(169, 7, 1, 33),
(170, 7, 1, 34),
(171, 7, 1, 1),
(172, 7, 1, 2),
(173, 7, 1, 3),
(174, 7, 1, 4),
(175, 7, 1, 5),
(176, 7, 1, 6),
(177, 7, 1, 7),
(178, 7, 1, 8),
(179, 7, 1, 9),
(180, 7, 1, 10),
(181, 7, 1, 11),
(182, 7, 1, 12),
(183, 7, 1, 13),
(184, 7, 1, 14),
(185, 7, 1, 15),
(186, 7, 1, 16),
(187, 7, 1, 17),
(188, 7, 1, 18),
(189, 7, 1, 19),
(190, 7, 1, 20),
(191, 7, 1, 21),
(192, 7, 1, 22),
(193, 7, 1, 23),
(194, 7, 1, 24),
(195, 7, 1, 25),
(196, 7, 1, 26),
(197, 7, 1, 27),
(198, 7, 1, 28),
(199, 7, 1, 29),
(200, 7, 1, 30),
(201, 7, 1, 31),
(202, 7, 1, 32),
(203, 7, 1, 33),
(204, 8, 1, 1),
(205, 8, 1, 2),
(206, 8, 1, 3),
(207, 8, 1, 4),
(208, 8, 1, 5),
(209, 8, 1, 6),
(210, 8, 1, 7),
(211, 8, 1, 8),
(212, 8, 1, 9),
(213, 8, 1, 10),
(214, 8, 1, 11),
(215, 8, 1, 12),
(216, 8, 1, 13),
(217, 8, 1, 14),
(218, 8, 1, 15),
(219, 8, 1, 16),
(220, 8, 1, 17),
(221, 8, 1, 18),
(222, 8, 1, 19),
(223, 8, 1, 20),
(224, 8, 1, 21),
(225, 8, 1, 22),
(226, 8, 1, 23),
(227, 8, 1, 24),
(228, 8, 1, 25),
(229, 8, 1, 1),
(230, 8, 1, 2),
(231, 8, 1, 3),
(232, 8, 1, 4),
(233, 8, 1, 5),
(234, 8, 1, 6),
(235, 8, 1, 7),
(236, 8, 1, 8),
(237, 8, 1, 9),
(238, 8, 1, 10),
(239, 8, 1, 11),
(240, 8, 1, 12),
(241, 8, 1, 13),
(242, 8, 1, 14),
(243, 8, 1, 15),
(244, 8, 1, 16),
(245, 8, 1, 17),
(246, 8, 1, 18),
(247, 8, 1, 19),
(248, 8, 1, 20),
(249, 8, 1, 1),
(250, 8, 1, 2),
(251, 8, 1, 3),
(252, 8, 1, 4),
(253, 8, 1, 5),
(254, 8, 1, 6),
(255, 8, 1, 7),
(256, 8, 1, 8),
(257, 8, 1, 9),
(258, 8, 1, 10),
(259, 8, 1, 11),
(260, 8, 1, 12),
(261, 8, 1, 13),
(262, 8, 1, 14),
(263, 8, 1, 15),
(264, 8, 1, 16),
(265, 9, 1, 1),
(266, 9, 1, 2),
(267, 9, 1, 3),
(268, 9, 1, 4),
(269, 9, 1, 5),
(270, 9, 1, 6),
(271, 9, 1, 7),
(272, 9, 1, 8),
(273, 9, 1, 9),
(274, 9, 1, 10),
(275, 9, 1, 11),
(276, 9, 1, 12),
(277, 9, 1, 13),
(278, 9, 1, 14),
(279, 9, 1, 15),
(280, 9, 1, 16),
(281, 9, 1, 17),
(282, 9, 1, 18),
(283, 9, 1, 19),
(284, 9, 1, 20),
(285, 9, 1, 21),
(286, 9, 1, 22),
(287, 9, 1, 23),
(288, 9, 1, 1),
(289, 9, 1, 2),
(290, 9, 1, 3),
(291, 9, 1, 4),
(292, 9, 1, 5),
(293, 9, 1, 6),
(294, 9, 1, 7),
(295, 9, 1, 8),
(296, 9, 1, 9),
(297, 9, 1, 10),
(298, 9, 1, 11),
(299, 9, 1, 12),
(300, 9, 1, 13),
(301, 9, 1, 14),
(302, 9, 1, 15),
(303, 9, 1, 16),
(304, 9, 1, 17),
(305, 9, 1, 18),
(306, 9, 1, 19),
(307, 9, 1, 20),
(308, 9, 1, 21),
(309, 9, 1, 1),
(310, 9, 1, 2),
(311, 9, 1, 3),
(312, 9, 1, 4),
(313, 9, 1, 5),
(314, 9, 1, 6),
(315, 9, 1, 7),
(316, 9, 1, 8),
(317, 9, 1, 9),
(318, 9, 1, 10),
(319, 9, 1, 11),
(320, 9, 1, 12),
(321, 9, 1, 13),
(322, 9, 1, 14),
(323, 9, 1, 15),
(324, 9, 1, 16),
(325, 9, 1, 17),
(326, 9, 1, 18),
(327, 9, 1, 19),
(328, 9, 1, 20),
(329, 9, 1, 21),
(330, 9, 1, 22),
(331, 9, 1, 23),
(332, 9, 1, 1),
(333, 9, 1, 2),
(334, 9, 1, 3),
(335, 9, 1, 4),
(336, 9, 1, 5),
(337, 9, 1, 6),
(338, 9, 1, 7),
(339, 9, 1, 8),
(340, 9, 1, 9),
(341, 9, 1, 10),
(342, 9, 1, 11),
(343, 9, 1, 12),
(344, 9, 1, 13),
(345, 9, 1, 14),
(346, 9, 1, 15),
(347, 9, 1, 16),
(348, 9, 1, 17),
(349, 9, 1, 18),
(350, 10, 1, 1),
(351, 10, 1, 2),
(352, 10, 1, 3),
(353, 10, 1, 4),
(354, 10, 1, 5),
(355, 10, 1, 6),
(356, 10, 1, 7),
(357, 10, 1, 8),
(358, 10, 1, 9),
(359, 10, 1, 10),
(360, 10, 1, 11),
(361, 10, 1, 12),
(362, 10, 1, 13),
(363, 10, 1, 14),
(364, 10, 1, 15),
(365, 10, 1, 16),
(366, 10, 1, 17),
(367, 10, 1, 18),
(368, 10, 1, 19),
(369, 10, 1, 20),
(370, 10, 1, 21),
(371, 10, 1, 22),
(372, 10, 1, 23),
(373, 10, 1, 1),
(374, 10, 1, 2),
(375, 10, 1, 3),
(376, 10, 1, 4),
(377, 10, 1, 5),
(378, 10, 1, 6),
(379, 10, 1, 7),
(380, 10, 1, 8),
(381, 10, 1, 9),
(382, 10, 1, 10),
(383, 10, 1, 11),
(384, 10, 1, 12),
(385, 10, 1, 13),
(386, 10, 1, 14),
(387, 10, 1, 15),
(388, 10, 1, 13),
(389, 10, 1, 17),
(390, 10, 1, 18),
(391, 10, 1, 19),
(392, 10, 1, 1),
(393, 10, 1, 2),
(394, 10, 1, 3),
(395, 10, 1, 4),
(396, 10, 1, 5),
(397, 10, 1, 6),
(398, 10, 1, 7),
(399, 10, 1, 8),
(400, 10, 1, 9),
(401, 10, 1, 10),
(402, 10, 1, 11),
(403, 10, 1, 12),
(404, 10, 1, 13),
(405, 10, 1, 14),
(406, 10, 1, 15),
(407, 10, 1, 16),
(408, 10, 1, 17),
(409, 10, 1, 18),
(410, 10, 1, 19),
(411, 10, 1, 20),
(412, 10, 1, 1),
(413, 10, 1, 2),
(414, 10, 1, 3),
(415, 10, 1, 4),
(416, 10, 1, 5),
(417, 10, 1, 6),
(418, 10, 1, 7),
(419, 10, 1, 8),
(420, 10, 1, 9),
(421, 10, 1, 10),
(422, 10, 1, 11),
(423, 10, 1, 12),
(424, 11, 1, 1),
(425, 11, 1, 2),
(426, 11, 1, 3),
(427, 11, 1, 4),
(428, 11, 1, 5),
(429, 11, 1, 6),
(430, 11, 1, 7),
(431, 11, 1, 8),
(432, 11, 1, 9),
(433, 11, 1, 10),
(434, 11, 1, 11),
(435, 11, 1, 12),
(436, 11, 1, 13),
(437, 11, 1, 14),
(438, 11, 1, 15),
(439, 11, 1, 16),
(440, 11, 1, 17),
(441, 11, 1, 18),
(442, 11, 1, 19),
(443, 11, 1, 20),
(444, 11, 1, 21),
(445, 11, 1, 22),
(446, 11, 1, 23),
(447, 11, 1, 24),
(448, 11, 1, 25),
(449, 11, 1, 26),
(450, 11, 1, 27),
(451, 11, 1, 28),
(452, 11, 1, 29),
(453, 11, 1, 30),
(454, 11, 1, 31),
(455, 11, 1, 32),
(456, 11, 1, 1),
(457, 11, 1, 2),
(458, 11, 1, 3),
(459, 11, 1, 4),
(460, 11, 1, 5),
(461, 11, 1, 6),
(462, 11, 1, 7),
(463, 11, 1, 8),
(464, 11, 1, 9),
(465, 11, 1, 10),
(466, 11, 1, 11),
(467, 11, 1, 12),
(468, 11, 1, 13),
(469, 11, 1, 14),
(470, 11, 1, 15),
(471, 11, 1, 16),
(472, 11, 1, 17),
(473, 11, 1, 18),
(474, 11, 1, 19),
(475, 11, 1, 20),
(476, 11, 1, 21),
(477, 11, 1, 22),
(478, 11, 1, 23),
(479, 11, 1, 24),
(480, 11, 1, 25),
(481, 11, 1, 26),
(482, 11, 1, 1),
(483, 11, 1, 2),
(484, 11, 1, 3),
(485, 11, 1, 4),
(486, 11, 1, 5),
(487, 11, 1, 6),
(488, 11, 1, 7),
(489, 11, 1, 8),
(490, 11, 1, 9),
(491, 11, 1, 10),
(492, 11, 1, 11),
(493, 11, 1, 12),
(494, 11, 1, 13),
(495, 11, 1, 14),
(496, 11, 1, 15),
(497, 11, 1, 16),
(498, 11, 1, 17),
(499, 11, 1, 18),
(500, 11, 1, 19),
(501, 11, 1, 20),
(502, 11, 1, 21),
(503, 11, 1, 22),
(504, 11, 1, 23),
(505, 11, 1, 24),
(506, 11, 1, 25),
(507, 11, 1, 26),
(508, 11, 1, 1),
(509, 11, 1, 2),
(510, 11, 1, 3),
(511, 11, 1, 4),
(512, 11, 1, 5),
(513, 11, 1, 6),
(514, 11, 1, 7),
(515, 11, 1, 8),
(516, 11, 1, 9),
(517, 11, 1, 10),
(518, 11, 1, 11),
(519, 11, 1, 12),
(520, 11, 1, 13),
(521, 11, 1, 14),
(522, 11, 1, 15),
(523, 11, 1, 16),
(524, 11, 1, 17),
(525, 11, 1, 18),
(526, 11, 1, 19),
(527, 11, 1, 20),
(528, 11, 1, 21),
(529, 11, 1, 22),
(530, 11, 1, 23),
(531, 11, 1, 24),
(532, 11, 1, 25),
(533, 11, 1, 26),
(560, 12, 1, 1),
(561, 12, 1, 2),
(562, 12, 1, 3),
(563, 12, 1, 4),
(564, 12, 1, 5),
(565, 12, 1, 6),
(566, 12, 1, 7),
(567, 12, 1, 8),
(568, 12, 1, 9),
(569, 12, 1, 10),
(570, 12, 1, 11),
(571, 12, 1, 12),
(572, 12, 1, 13),
(573, 12, 1, 14),
(574, 12, 1, 15),
(575, 12, 1, 16),
(576, 12, 1, 17),
(577, 12, 1, 18),
(578, 12, 1, 19),
(579, 12, 1, 20),
(580, 12, 1, 21),
(581, 12, 1, 22),
(582, 12, 1, 23),
(583, 12, 1, 1),
(584, 12, 1, 2),
(585, 12, 1, 3),
(586, 12, 1, 4),
(587, 12, 1, 5),
(588, 12, 1, 6),
(589, 12, 1, 7),
(590, 12, 1, 8),
(591, 12, 1, 9),
(592, 12, 1, 10),
(593, 12, 1, 11),
(594, 12, 1, 12),
(595, 12, 1, 13),
(596, 12, 1, 14),
(597, 12, 1, 15),
(598, 12, 1, 16),
(599, 12, 1, 17),
(600, 12, 1, 18),
(601, 12, 1, 19),
(602, 12, 1, 20),
(603, 12, 1, 21),
(604, 12, 1, 1),
(605, 12, 1, 2),
(606, 12, 1, 3),
(607, 12, 1, 4),
(608, 12, 1, 5),
(609, 12, 1, 6),
(610, 12, 1, 7),
(611, 12, 1, 8),
(612, 12, 1, 9),
(613, 12, 1, 10),
(614, 12, 1, 11),
(615, 12, 1, 12),
(616, 12, 1, 13),
(617, 12, 1, 14),
(618, 12, 1, 15),
(619, 12, 1, 16),
(620, 12, 1, 17),
(621, 12, 1, 18),
(622, 12, 1, 19),
(623, 12, 1, 20),
(624, 12, 1, 21),
(625, 13, 1, 1),
(626, 13, 1, 2),
(627, 13, 1, 3),
(628, 13, 1, 4),
(629, 13, 1, 5),
(630, 13, 1, 6),
(631, 13, 1, 7),
(632, 13, 1, 8),
(633, 13, 1, 9),
(634, 13, 1, 10),
(635, 13, 1, 11),
(636, 13, 1, 12),
(637, 13, 1, 13),
(638, 13, 1, 14),
(639, 13, 1, 15),
(640, 13, 1, 16),
(641, 13, 1, 17),
(642, 13, 1, 18),
(643, 13, 1, 19),
(644, 13, 1, 20),
(645, 13, 1, 21),
(646, 13, 1, 22),
(647, 13, 1, 23),
(648, 13, 1, 24),
(649, 13, 1, 25),
(650, 13, 1, 26),
(651, 13, 1, 27),
(652, 13, 1, 28),
(653, 13, 1, 29),
(654, 13, 1, 30),
(655, 13, 1, 1),
(656, 13, 1, 2),
(657, 13, 1, 3),
(658, 13, 1, 4),
(659, 13, 1, 5),
(660, 13, 1, 6),
(661, 13, 1, 7),
(662, 13, 1, 8),
(663, 13, 1, 9),
(664, 13, 1, 10),
(665, 13, 1, 11),
(666, 13, 1, 12),
(667, 13, 1, 13),
(668, 13, 1, 14),
(669, 13, 1, 15),
(670, 13, 1, 16),
(671, 13, 1, 17),
(672, 13, 1, 18),
(673, 13, 1, 19),
(674, 13, 1, 20),
(675, 13, 1, 21),
(676, 13, 1, 22),
(677, 13, 1, 23),
(678, 13, 1, 24),
(679, 13, 1, 25),
(680, 13, 1, 1),
(681, 13, 1, 2),
(682, 13, 1, 3),
(683, 13, 1, 4),
(684, 13, 1, 5),
(685, 13, 1, 6),
(686, 13, 1, 7),
(687, 13, 1, 8),
(688, 13, 1, 9),
(689, 13, 1, 10),
(690, 13, 1, 11),
(691, 13, 1, 12),
(692, 13, 1, 13),
(693, 13, 1, 14),
(694, 13, 1, 15),
(695, 13, 1, 16),
(696, 13, 1, 17),
(697, 13, 1, 18),
(698, 13, 1, 19),
(699, 13, 1, 20),
(700, 13, 1, 21),
(701, 13, 1, 22),
(702, 13, 1, 23),
(703, 13, 1, 24),
(704, 13, 1, 1),
(705, 13, 1, 2),
(706, 13, 1, 3),
(707, 13, 1, 4),
(708, 13, 1, 5),
(709, 13, 1, 6),
(710, 13, 1, 7),
(711, 13, 1, 8),
(712, 13, 1, 9),
(713, 13, 1, 10),
(714, 13, 1, 11),
(715, 13, 1, 12),
(716, 13, 1, 13),
(717, 13, 1, 14),
(718, 13, 1, 15),
(719, 13, 1, 16),
(720, 13, 1, 17),
(721, 13, 1, 18),
(722, 13, 1, 19),
(723, 13, 1, 19),
(724, 13, 1, 20),
(725, 14, 1, 1),
(726, 14, 1, 2),
(727, 14, 1, 3),
(728, 14, 1, 4),
(729, 14, 1, 5),
(730, 14, 1, 6),
(731, 14, 1, 7),
(732, 14, 1, 8),
(733, 14, 1, 9),
(734, 14, 1, 10),
(735, 14, 1, 11),
(736, 14, 1, 12),
(737, 14, 1, 13),
(738, 14, 1, 14),
(739, 14, 1, 15),
(740, 14, 1, 16),
(741, 14, 1, 17),
(742, 14, 1, 18),
(743, 14, 1, 19),
(744, 14, 1, 1),
(745, 14, 1, 2),
(746, 14, 1, 3),
(747, 14, 1, 4),
(748, 14, 1, 5),
(749, 14, 1, 6),
(750, 14, 1, 7),
(751, 14, 1, 8),
(752, 14, 1, 9),
(753, 14, 1, 10),
(754, 14, 1, 11),
(755, 14, 1, 12),
(756, 14, 1, 13),
(757, 14, 1, 14),
(758, 14, 1, 15),
(759, 14, 1, 16),
(760, 14, 1, 17),
(761, 14, 1, 18),
(762, 14, 1, 19),
(763, 14, 1, 20),
(764, 14, 1, 21),
(765, 14, 1, 22),
(766, 14, 1, 1),
(767, 14, 1, 2),
(768, 14, 1, 3),
(769, 14, 1, 4),
(770, 14, 1, 5),
(771, 14, 1, 6),
(772, 14, 1, 7),
(773, 14, 1, 8),
(774, 14, 1, 9),
(775, 14, 1, 10),
(776, 14, 1, 11),
(777, 14, 1, 12),
(778, 14, 1, 13),
(779, 14, 1, 14),
(780, 14, 1, 15),
(781, 14, 1, 16),
(782, 14, 1, 17),
(783, 14, 1, 18),
(784, 14, 1, 19),
(785, 14, 1, 20),
(786, 14, 1, 21),
(787, 14, 1, 22),
(788, 14, 1, 1),
(789, 14, 1, 2),
(790, 14, 1, 3),
(791, 14, 1, 4),
(792, 14, 1, 5),
(793, 14, 1, 6),
(794, 14, 1, 7),
(795, 14, 1, 8),
(796, 14, 1, 9),
(797, 14, 1, 10),
(798, 14, 1, 11),
(799, 14, 1, 12),
(800, 14, 1, 13),
(801, 14, 1, 14),
(802, 14, 1, 15),
(803, 14, 1, 16),
(804, 14, 1, 17),
(805, 14, 1, 18),
(806, 14, 1, 19),
(807, 14, 1, 20),
(808, 14, 1, 21),
(809, 14, 1, 22);

-- --------------------------------------------------------

--
-- Structure de la table `vgbt_games`
--

CREATE TABLE IF NOT EXISTS `vgbt_games` (
  `id` int(11) NOT NULL AUTO_INCREMENT,
  `name` varchar(255) CHARACTER SET utf8 NOT NULL,
  `game_serie` int(11) DEFAULT NULL,
  `release_date` date NOT NULL,
  `date` datetime NOT NULL,
  PRIMARY KEY (`id`),
  UNIQUE KEY `name` (`name`),
  KEY `game_serie` (`game_serie`)
) ENGINE=InnoDB  DEFAULT CHARSET=utf8 COLLATE=utf8_bin AUTO_INCREMENT=13 ;

--
-- Contenu de la table `vgbt_games`
--

INSERT INTO `vgbt_games` (`id`, `name`, `game_serie`, `release_date`, `date`) VALUES
(1, 'Final Fantasy 1', 1, '1987-12-18', '2015-01-25 17:49:15'),
(2, 'Final Fantasy 2', 1, '1988-12-17', '2015-01-25 17:49:37'),
(3, 'Final Fantasy 3', 1, '1990-04-27', '2015-01-25 17:50:29'),
(4, 'Final Fantasy 4', 1, '1991-07-19', '2015-01-25 17:51:02'),
(5, 'Final Fantasy 5', 1, '1992-12-06', '2015-01-25 17:51:21'),
(6, 'Final Fantasy 6', 1, '1994-04-02', '2015-01-25 17:51:55'),
(7, 'Final Fantasy 7', 1, '1997-01-31', '2015-01-25 17:57:57'),
(8, 'Final Fantasy 8', 1, '1999-02-11', '2015-01-25 17:59:04'),
(9, 'Final Fantasy 9', 1, '2000-07-07', '2015-01-25 17:59:25'),
(10, 'Final Fantasy 10', 1, '2001-02-19', '2015-01-25 17:59:43'),
(11, 'Final Fantasy 12', 1, '2006-03-16', '2015-01-25 18:00:16'),
(12, 'Final Fantasy 13', 1, '2009-12-17', '2015-01-25 18:00:50');

-- --------------------------------------------------------

--
-- Structure de la table `vgbt_game_console_links`
--

CREATE TABLE IF NOT EXISTS `vgbt_game_console_links` (
  `game_id` int(11) NOT NULL,
  `console_id` int(11) NOT NULL,
  PRIMARY KEY (`game_id`,`console_id`),
  KEY `console_id` (`console_id`)
) ENGINE=InnoDB DEFAULT CHARSET=latin1;

--
-- Contenu de la table `vgbt_game_console_links`
--

INSERT INTO `vgbt_game_console_links` (`game_id`, `console_id`) VALUES
(1, 1),
(2, 1),
(3, 1),
(4, 2),
(5, 2),
(6, 2),
(7, 9),
(8, 9),
(9, 9),
(10, 10),
(11, 10),
(12, 11);

-- --------------------------------------------------------

--
-- Structure de la table `vgbt_game_series`
--

CREATE TABLE IF NOT EXISTS `vgbt_game_series` (
  `id` int(11) NOT NULL AUTO_INCREMENT,
  `name` varchar(255) CHARACTER SET utf8 NOT NULL,
  `date` datetime NOT NULL,
  PRIMARY KEY (`id`),
  UNIQUE KEY `name` (`name`)
) ENGINE=InnoDB  DEFAULT CHARSET=utf8 COLLATE=utf8_bin AUTO_INCREMENT=2 ;

--
-- Contenu de la table `vgbt_game_series`
--

INSERT INTO `vgbt_game_series` (`id`, `name`, `date`) VALUES
(1, 'Final Fantasy', '2015-01-19 00:22:10');

--
-- Contraintes pour les tables exportées
--

--
-- Contraintes pour la table `vgbt_extracts`
--
ALTER TABLE `vgbt_extracts`
  ADD CONSTRAINT `vgbt_extracts_ibfk_2` FOREIGN KEY (`composer_id`) REFERENCES `vgbt_composers` (`id`),
  ADD CONSTRAINT `vgbt_extracts_ibfk_1` FOREIGN KEY (`game_id`) REFERENCES `vgbt_games` (`id`);

--
-- Contraintes pour la table `vgbt_extract_album_links`
--
ALTER TABLE `vgbt_extract_album_links`
  ADD CONSTRAINT `vgbt_extract_album_links_ibfk_2` FOREIGN KEY (`album_id`) REFERENCES `vgbt_albums` (`id`),
  ADD CONSTRAINT `vgbt_extract_album_links_ibfk_1` FOREIGN KEY (`extract_id`) REFERENCES `vgbt_extracts` (`id`);

--
-- Contraintes pour la table `vgbt_games`
--
ALTER TABLE `vgbt_games`
  ADD CONSTRAINT `vgbt_games_ibfk_1` FOREIGN KEY (`game_serie`) REFERENCES `vgbt_game_series` (`id`);

--
-- Contraintes pour la table `vgbt_game_console_links`
--
ALTER TABLE `vgbt_game_console_links`
  ADD CONSTRAINT `vgbt_game_console_links_ibfk_2` FOREIGN KEY (`console_id`) REFERENCES `vgbt_consoles` (`id`),
  ADD CONSTRAINT `vgbt_game_console_links_ibfk_1` FOREIGN KEY (`game_id`) REFERENCES `vgbt_games` (`id`);

/*!40101 SET CHARACTER_SET_CLIENT=@OLD_CHARACTER_SET_CLIENT */;
/*!40101 SET CHARACTER_SET_RESULTS=@OLD_CHARACTER_SET_RESULTS */;
/*!40101 SET COLLATION_CONNECTION=@OLD_COLLATION_CONNECTION */;
